id,title_name,status,site
1,WAIT TITLE,green,iaai
2,ORIGINAL (TEXAS),green,iaai
3,SALVAGE CERTIFICATE (CALIFORNIA),green,iaai
4,SALVAGE TITLE (TEXAS),green,iaai
5,SALVAGE (GEORGIA),,iaai
6,REBUILDABLE (FLORIDA),green,iaai
7,SALVAGE (OREGON),green,iaai
8,MV-907A (NEW YORK),,iaai
9,SALVAGE (OHIO),green,iaai
10,SALVAGE (PENNSYLVANIA),,iaai
11,SALVAGE (ILLINOIS),green,iaai
12,SALVAGE (INDIANA),green,iaai
13,SALVAGE - GREATER THAN 75% (MARYLAND),green,iaai
14,SALVAGE (NEW JERSEY),,iaai
15,CLEAR (MICHIGAN),,iaai
16,CLEAR (VIRGINIA),,iaai
17,SALVAGE (MASSACHUSETTS),,iaai
18,CLEAR (OKLAHOMA),,iaai
19,SALVAGE (ARIZONA),green,iaai
20,SALVAGE (MISSOURI),green,iaai
21,SALVAGE (VIRGINIA),green,iaai
22,CLEAR - DEALER ONLY (CALIFORNIA),green,iaai
23,CLEAR (INDIANA),,iaai
24,CLEAR (FLORIDA),green,iaai
25,SALVAGE TITLE (IOWA),green,iaai
26,REPOSSESSION PAPERWORK (GEORGIA),black,iaai
27,SALVAGE (TENNESSEE),green,iaai
28,BILL OF SALE (WASHINGTON),red red,iaai
29,SALVAGE (MISSISSIPPI),,iaai
30,SALVAGE (SOUTH CAROLINA),,iaai
31,CLEAR (TENNESSEE),,iaai
32,REGULAR (SOUTH DAKOTA),,iaai
33,SALVAGE CERTIFICATE (WEST VIRGINIA),green,iaai
34,SALVAGE (ALABAMA),,iaai
35,CERTIFICATE OF DESTRUCTION (FLORIDA),red,iaai
36,SALVAGE (MINNESOTA),green,iaai
37,CLEAR (MASSACHUSETTS),,iaai
38,SALVAGE (OKLAHOMA),,iaai
39,CLEAR (ALABAMA),,iaai
40,CLEAR (GEORGIA),,iaai
41,SALVAGE (UTAH),green,iaai
42,CLEAR (ARKANSAS),,iaai
43,CLEAR (NEW YORK),,iaai
44,SALVAGE (IDAHO),green,iaai
45,CLEAR (ILLINOIS),,iaai
46,CLEAR (PENNSYLVANIA),,iaai
47,SALVAGE (ARKANSAS),green,iaai
48,CLEAR (TEXAS),,iaai
49,SALVAGE (LOUISIANA),green,iaai
50,PRIOR SALVAGE (MINNESOTA),,iaai
51,SALVAGE (MONTANA),green,iaai
52,CERTIFICATE OF TITLE (NEBRASKA),red,iaai
53,ORIGINAL (OHIO),green,iaai
54,CLEAR (ARIZONA),,iaai
55,CLEAR (MONTANA),,iaai
56,CLEAR (NEW JERSEY),,iaai
57,SALVAGE (KANSAS),green,iaai
58,CLEAR (COLORADO),,iaai
59,SALVAGE (NEBRASKA),green,iaai
60,SALVAGE CERTIFICATE (HAWAII),green,iaai
61,SALVAGE (MAINE),green,iaai
62,CLEAR (NORTH CAROLINA),,iaai
63,NON-REPAIRABLE (CALIFORNIA),red,iaai
64,CLEAR (MISSOURI),,iaai
65,CLEAR (WISCONSIN),,iaai
66,CLEAR (CALIFORNIA),,iaai
67,REPOSSESSION PAPERWORK (SOUTH CAROLINA),black,iaai
68,JUNK (OKLAHOMA),,iaai
69,JUNK BILL OF SALE MV2459 (WISCONSIN),,iaai
70,CLEAR (HAWAII),,iaai
71,CLEAR (WASHINGTON),,iaai
72,CLEAR (KANSAS),,iaai
73,CLEAR (SOUTH CAROLINA),,iaai
74,CLEAR (MARYLAND),,iaai
75,SALVAGE (KENTUCKY),green,iaai
76,SALVAGE (NORTH DAKOTA),,iaai
77,NON-REPAIRABLE (TEXAS),red,iaai
78,SCRAP (MICHIGAN),,iaai
79,SALVAGE (MICHIGAN),green,iaai
80,CLEAR (UTAH),,iaai
81,SALVAGE - 75% OR LESS (MARYLAND),green,iaai
82,SALVAGE (NEW HAMPSHIRE),,iaai
83,CLEAR (MINNESOTA),,iaai
84,BILL OF SALE (GEORGIA),red red,iaai
85,SALVAGE (DELAWARE),,iaai
86,SALVAGE (COLORADO),green,iaai
87,CLEAR (OREGON),,iaai
88,CLEAR (MISSISSIPPI),,iaai
89,CLEAR (LOUISIANA),,iaai
90,SALVAGE (CONNECTICUT),green,iaai
91,VESSEL (FLORIDA),,iaai
92,CLEAR-DEALER ONLY (ARIZONA),green,iaai
93,REGULAR (NEVADA),,iaai
94,CLEAR-ENDORSEMENT (WISCONSIN),green,iaai
95,JUNK RECEIPT (NORTH CAROLINA),,iaai
96,SALVAGE TITLE - DEALER (CALIFORNIA),green,iaai
97,SALVAGE (VERMONT),green,iaai
98,REGULAR CERTIFICATE (IOWA),green,iaai
99,SALVAGE (NEW MEXICO),,iaai
100,ORIGINAL (WEST VIRGINIA),,iaai
101,SALVAGE (RHODE ISLAND),,iaai
102,CLEAR (CONNECTICUT),,iaai
103,SALVAGE NON-REB (SOUTH CAROLINA),,iaai
104,BILL OF SALE (ALASKA),red red,iaai
105,SALVAGE (WISCONSIN),green,iaai
106,ORIGINAL (KENTUCKY),,iaai
107,NON-REPAIRABLE (MARYLAND),red,iaai
108,REPOSSESSED (MISSOURI),,iaai
109,CLEAR (NEW MEXICO),,iaai
110,LIEN PAPERS (OREGON),black,iaai
111,BILL OF SALE (KANSAS),red red,iaai
112,ORIGINAL (MAINE),green,iaai
113,SALVAGE (MARYLAND),green,iaai
114,CLEAR (DELAWARE),,iaai
115,CLEAR (IDAHO),,iaai
116,CLEAR (NEVADA),,iaai
117,SALVAGE (FLORIDA),green,iaai
118,APP FOR DUP CLEAR (CALIFORNIA),grey,iaai
119,SALVAGE (NEVADA),green,iaai
120,ORIGINAL (ALASKA),,iaai
121,JUNKING CERTIFICATE (MISSISSIPPI),red,iaai
122,CLEAR CLAIM PAID (WISCONSIN),,iaai
123,PARTS ONLY BOS (MINNESOTA),red red,iaai
124,BILL OF SALE (TEXAS),red red,iaai
125,RESTORED (ARIZONA),,iaai
126,ORIGINAL (NEW HAMPSHIRE),,iaai
127,CLEAR - PUBLIC RESTRICTED (OREGON),green,iaai
128,CLEAR (NORTH DAKOTA),,iaai
129,NON-REPAIRABLE (ARIZONA),red,iaai
130,BILL OF SALE (CALIFORNIA),red red,iaai
131,SALVAGE - LESS THAN 75% (MARYLAND),green,iaai
132,CLEAR - PUBLIC RESTRICTED (OKLAHOMA),green,iaai
133,NON-REPAIRABLE (VIRGINIA),red,iaai
134,JUNK (MISSOURI),,iaai
135,BILL OF SALE (NEW YORK),red red,iaai
136,PREVIOUS SALVAGE (MICHIGAN),grey,iaai
137,BILL OF SALE (KENTUCKY),red red,iaai
138,JUNK (CALIFORNIA),,iaai
139,RECONSTRUCTED (MASSACHUSETTS),,iaai
140,NON-REPAIRABLE CERTIFICATE (WEST VIRGINIA),red,iaai
141,CLEAR-DEALER ONLY (MONTANA),green,iaai
142,CLEAR (WYOMING),,iaai
143,BILL OF SALE (FLORIDA),red red,iaai
144,SALVAGE TITLE (CALIFORNIA),green,iaai
145,BILL OF SALE (HAWAII),red red,iaai
146,BILL OF SALE (INDIANA),red red,iaai
147,BILL OF SALE DESTRUCTION ONLY - SALVAGE (OHIO),red red,iaai
148,ORIGINAL (RHODE ISLAND),,iaai
149,JUNK (ILLINOIS),,iaai
150,SALVAGE (WYOMING),green,iaai
151,ORIGINAL (VERMONT),green,iaai
152,CLEAR-DEALER ONLY (WEST VIRGINIA),green,iaai
153,PARTS ONLY (ARKANSAS),grey,iaai
154,NON-REPAIRABLE (TENNESSEE),red,iaai
155,REBUILT/RESTORED (UTAH),green,iaai
156,BILL OF SALE (COLORADO),,iaai
157,LIEN PAPERS (CALIFORNIA),,iaai
158,JUNKING CERTIFICATE (IOWA),red,iaai
159,CERTIFICATE OF DESTRUCTION (LOUISIANA),red,iaai
160,UNREGISTERABLE TITLE (PARTS ONLY TITLE) (NORTH CAROLINA),red,iaai
161,BILL OF SALE (WEST VIRGINIA),red red,iaai
162,CERTIFICATE OF TITLE (MONTANA),green,iaai
163,ACQ BOS (CALIFORNIA),,iaai
164,JUNKING CERTIFICATE (SOUTH DAKOTA),red,iaai
165,FOR JUNK ONLY (IDAHO),red,iaai
166,REPOSSESSION PAPERWORK (NORTH CAROLINA),black,iaai
167,NON-REPAIRABLE (KANSAS),red,iaai
168,SALVAGE REBUILT (NORTH CAROLINA),,iaai
169,BILL OF SALE (TENNESSEE),,iaai
170,CLEAR (DISTRICT OF COLUMBIA),,iaai
171,DUPLICATE (GEORGIA),,iaai
172,REBUILT (OKLAHOMA),,iaai
173,REBUILT (INDIANA),,iaai
174,NON-REPAIRABLE (UTAH),red,iaai
175,REBUILT (MISSISSIPPI),,iaai
176,PEDDLE CLEAR PUBLIC-RESTRICTED (OREGON),,iaai
177,SALVAGE - DEALER ONLY (OHIO),green,iaai
178,BILL OF SALE (PENNSYLVANIA),red red,iaai
179,RECONSTRUCTED (LOUISIANA),green,iaai
180,CLEAR (PUERTO RICO),,iaai
181,PARTS ONLY BOS (MARYLAND),red red,iaai
182,CLEAR (NEW HAMPSHIRE),,iaai
183,REBUILT (WASHINGTON),,iaai
184,ORIGINAL - RECONSTRUCTED (ALASKA),green,iaai
185,BILL OF SALE - PARTS ONLY (CONNECTICUT),red red,iaai
186,BILL OF SALE (ILLINOIS),,iaai
187,SALVAGE TITLE (HAWAII),green,iaai
188,BILL OF SALE (ARIZONA),red red,iaai
189,PERMIT TO SELL (LOUISIANA),grey,iaai
190,BILL OF SALE (NEW JERSEY),red red,iaai
191,CLEAR-DEALER ONLY (WASHINGTON),green,iaai
192,PARTS ONLY (GEORGIA),grey,iaai
193,BILL OF SALE (SOUTH DAKOTA),,iaai
194,BILL OF SALE (OKLAHOMA),,iaai
195,COURT ORDER (GEORGIA),,iaai
196,BILL OF SALE (NORTH CAROLINA),,iaai
197,ENTERPRISE VEHICLES CLEAR ONLY (ARIZONA),,iaai
198,APP FOR DUP SALV TITLE - DEALER (CALIFORNIA),grey,iaai
199,CLEAR (RHODE ISLAND),,iaai
200,BILL OF SALE (IOWA),red red,iaai
201,BILL OF SALE (IDAHO),red red,iaai
202,BILL OF SALE - PARTS ONLY (WASHINGTON),red red,iaai
203,PARTS ONLY - BILL OF SALE (NORTH CAROLINA),red red,iaai
204,WATERCRAFT (MICHIGAN),,iaai
205,REBUILT-NON-PUBLIC (WASHINGTON),green,iaai
206,BILL OF SALE (MASSACHUSETTS),,iaai
207,BILL OF SALE (MISSOURI),red red,iaai
208,SALVAGE (DISTRICT OF COLUMBIA),,iaai
209,BILL OF SALE (DELAWARE),red red,iaai
210,BILL OF SALE (NEBRASKA),red red,iaai
211,DUPLICATE PAPERWORK (CALIFORNIA),black,iaai
212,BILL OF SALE (OREGON),red red,iaai
213,ORIGINAL  (OKLAHOMA),,iaai
214,DCAS - PUBLIC (NEW YORK),grey,iaai
215,TITLE 42 (OKLAHOMA),,iaai
216,TRIBAL TITLE -  PUBLIC RESTRICTED (OKLAHOMA),grey,iaai
217,CLEAR-DEALER ONLY (UTAH),green,iaai
218,BILL OF SALE (LOUISIANA),red red,iaai
219,BILL OF SALE (VERMONT),red red,iaai
220,NON-REPAIRABLE (COLORADO),red,iaai
221,AFFIDAVIT IN LIEU OF TITLE - NON-PUBLIC (WASHINGTON),grey,iaai
222,BILL OF SALE (MAINE),red red,iaai
223,CERTIFICATE OF VESSEL (NORTH CAROLINA),green,iaai
224,BILL OF SALE (ALABAMA),red red,iaai
225,BILL OF SALE (CONNECTICUT),,iaai
226,BILL OF SALE (WISCONSIN),,iaai
227,IN PENDING PROVIDER REVIEW (MINNESOTA),grey,iaai
228,BILL OF SALE (OHIO),red red,iaai
229,CLEAR-DEALER ONLY (KENTUCKY),green,iaai
230,CLEAR-DEALER ONLY (GEORGIA),green,iaai
231,BILL OF SALE (NORTH DAKOTA),,iaai
232,CLEAR-DEALER ONLY (TEXAS),green,iaai
233,SALVAGE TITLE (NEW YORK),green,iaai
234,CLEAR-DEALER ONLY (OHIO),green,iaai
235,AFFIDAVIT IN LIEU OF TITLE (WASHINGTON),grey,iaai
236,BILL OF SALE (MICHIGAN),,iaai
237,BILL OF SALE (MONTANA),red red,iaai
238,CLEAR-DEALER ONLY (OREGON),green,iaai
239,DEALER (IOWA),,iaai
240,NON-USA OTHER COUNTRY (TEXAS),,iaai
241,REGULAR REPOSSESSION (IOWA),green,iaai
242,SALVAGE REPOSSESSION (IOWA),green,iaai
243,CLEAR-DEALER ONLY (INDIANA),green,iaai
244,BILL OF SALE (ARKANSAS),,iaai
245,CLEAR-DEALER ONLY (MICHIGAN),green,iaai
246,ABANDONMENT PAPERWORK (NEW JERSEY),grey,iaai
247,NON-REPAIRABLE (NEVADA),red,iaai
248,US GOVERNMENT CERTIFICATE (IOWA),grey,iaai
249,IN PENDING PROVIDER REVIEW (ALASKA),grey,iaai
250,BILL OF SALE (MISSISSIPPI),,iaai
251,BILL OF SALE (VIRGINIA),red red,iaai
252,NON-REPAIRABLE EXPORT ONLY (TEXAS),red,iaai
253,IN PENDING PROVIDER REVIEW (TEXAS),grey,iaai
254,SALVAGE RETENTION (WASHINGTON),grey,iaai
255,CLEAR-DEALER ONLY (OKLAHOMA),green,iaai
256,COSMETIC TOTAL LOSS SALVAGE (WEST VIRGINIA),green,iaai
257,BILL OF SALE (NEVADA),red red,iaai
258,REGISTRATION (IOWA),grey,iaai
259,REPOSSESSION PAPERWORK (PENNSYLVANIA),black,iaai
260,ENTERPRISE VEHICLES CLEAR ONLY (WASHINGTON),,iaai
261,BOAT REGISTRATION CERTIFICATE (MISSISSIPPI),green,iaai
262,BOAT CERTIFICATE OF TITLE (WISCONSIN),green,iaai
263,CLEAR-DEALER ONLY (MINNESOTA),green,iaai
264,NOTICE OF LIEN AND SALE NON-TITLED UNITS (NEW YORK),,iaai
265,VESSEL CERTIFICATE (VIRGINIA),green,iaai
266,US-SALVAGE (MICHIGAN),green,iaai
267,US GOVERNMENT SALVAGE CERTIFICATE (SOUTH DAKOTA),,iaai
268,CLEAR SALVAGE HISTORY (CALIFORNIA),,iaai
269,REGISTRATION CARD (ALASKA),grey,iaai
270,CLEAR - TBO (INDIANA),,iaai
271,NON-REPAIRABLE (NEW MEXICO),red,iaai
272,FLOOD (MISSISSIPPI),,iaai
273,BILL OF SALE (MARYLAND),red red,iaai
274,CLEAR-DEALER ONLY (WISCONSIN),green,iaai
275,ENTERPRISE VEHICLES CLEAR ONLY (TENNESSEE),,iaai
276,REPOSSESSED (KANSAS),green,iaai
277,ENTERPRISE VEHICLES CLEAR ONLY (OREGON),,iaai
278,ENTERPRISE VEHICLES CLEAR ONLY (OHIO),,iaai
279,ENTERPRISE VEHICLES CLEAR ONLY (NEW YORK),,iaai
280,PARTS ONLY (HAWAII),grey,iaai
281,MV - 51B (NEW YORK),,iaai
282,BILL OF SALE (WYOMING),red red,iaai
283,BILL OF SALE (SOUTH CAROLINA),,iaai
284,SCRAP (ALABAMA),,iaai
285,PEDDLE SALVAGE PUBLIC-RESTRICTED (OREGON),,iaai
286,ENTERPRISE VEHICLES CLEAR ONLY (TEXAS),,iaai
287,RECOVERED THEFT (OKLAHOMA),green,iaai
288,BILL OF SALE (RHODE ISLAND),,iaai
289,SALVAGE - DEALER ONLY (KANSAS),green,iaai
290,BILL OF SALE (NEW HAMPSHIRE),,iaai
291,JUNK (COLORADO),,iaai
292,SALVAGE/FLOOD (UTAH),green,iaai
293,DISMANTLING PERMIT (UTAH),grey,iaai
294,IN PENDING PROVIDER REVIEW (NEBRASKA),grey,iaai
295,STORAGE LIEN DOCS (INDIANA),black,iaai
296,REPO PAPERWORK (NEW YORK),black,iaai
297,BILL OF SALE (MINNESOTA),red red,iaai
298,UNRECOVERED THEFT (GEORGIA),green,iaai
299,RENTAL RIDES - ENTERPRISE (OREGON),grey,iaai
300,IN PENDING PROVIDER REVIEW (NEW JERSEY),grey,iaai
301,PREVIOUSLY DAMAGED (NORTH DAKOTA),,iaai
302,CLEAR-DEALER ONLY (NORTH DAKOTA),green,iaai
303,US GOVERNMENT CERTIFICATE (PENNSYLVANIA),grey,iaai
304,ABANDONED (PENNSYLVANIA),,iaai
305,ENTERPRISE VEHICLES CLEAR ONLY (CALIFORNIA),,iaai
306,ENTERPRISE VEHICLES CLEAR ONLY (ARKANSAS),,iaai
307,RECOVERED THEFT (GEORGIA),green,iaai
308,ENTERPRISE VEHICLES CLEAR ONLY (ALABAMA),,iaai
309,CLEAR-DEALER ONLY (ALASKA),green,iaai
310,US GOVERNMENT SALVAGE CERTIFICATE (TEXAS),grey,iaai
311,CLEAR-DEALER ONLY (ARKANSAS),green,iaai
312,CLEAR-DEALER ONLY (IDAHO),green,iaai
313,WATERCRAFT (MISSOURI),,iaai
314,SALVAGE TBO (SOUTH DAKOTA),,iaai
315,BILL OF SALE -  NON MOTOR VEHICLE (CALIFORNIA),red red,iaai
316,BILL OF SALE (UTAH),red red,iaai
317,CLEAR-DEALER ONLY (IOWA),green,iaai
318,APP FOR DUP SALV CERT (CALIFORNIA),grey,iaai
319,NON-USA CANADIAN (ARIZONA),,iaai
320,NON-USA CANADIAN (KENTUCKY),,iaai
321,NON-USA CANADIAN (ILLINOIS),,iaai
322,NON-USA CANADIAN (MASSACHUSETTS),,iaai
323,NON-USA CANADIAN (NEW YORK),,iaai
324,NON-USA MEXICO (NEW YORK),,iaai
325,WATERCRAFT (ILLINOIS),,iaai
326,NONREPAIRABLE CERTIFICATE PARTS ONLY (VIRGINIA),red,iaai
327,NOTICE OF SALVAGE RETENTION (CALIFORNIA),,iaai
328,MVR 4 (NORTH CAROLINA),,iaai
329,MANUFACTURER BUYBACK (UTAH),green,iaai
330,LIEN PAPERS - SALVAGE (TEXAS),black,iaai
331,JUNK (WISCONSIN),,iaai
332,JUNK (MINNESOTA),,iaai
333,IN PENDING PROVIDER REVIEW (WEST VIRGINIA),grey,iaai
334,ORIGINAL TITLE (MISSISSIPPI),,iaai
335,IN PENDING PROVIDER REVIEW (MASSACHUSETTS),grey,iaai
336,IN PENDING PROVIDER REVIEW (MARYLAND),grey,iaai
337,IN PENDING PROVIDER REVIEW (INDIANA),grey,iaai
338,IN PENDING PROVIDER REVIEW (ARKANSAS),grey,iaai
339,GARAGEMANS AFFIRMATION AND BILL OF SALE (NEW YORK),grey,iaai
340,ENTERPRISE VEHICLES SALVAGE ONLY (TENNESSEE),,iaai
341,ENTERPRISE VEHICLES SALVAGE ONLY (MISSISSIPPI),,iaai
342,ENTERPRISE VEHICLES SALVAGE ONLY (MICHIGAN),,iaai
343,ENTERPRISE VEHICLES SALVAGE ONLY (COLORADO),,iaai
344,ENTERPRISE VEHICLES SALVAGE (ARIZONA),,iaai
345,REBUILT -  PUBLIC RESTRICTED (OKLAHOMA),green,iaai
346,ENTERPRISE VEHICLES CLEAR ONLY (VIRGINIA),,iaai
347,REBUILT/RESTORED (WYOMING),green,iaai
348,ENTERPRISE VEHICLES CLEAR ONLY (UTAH),,iaai
349,REG CARD (MINNESOTA),,iaai
350,REGISTRATION (NEW YORK),grey,iaai
351,ENTERPRISE VEHICLES CLEAR ONLY (SOUTH DAKOTA),,iaai
352,ENTERPRISE VEHICLES CLEAR ONLY (SOUTH CAROLINA),,iaai
353,RELEASE OF INTEREST (WASHINGTON),grey,iaai
354,RENTAL RIDES - ENTERPRISE (NEW HAMPSHIRE),grey,iaai
355,ENTERPRISE VEHICLES CLEAR ONLY (OKLAHOMA),,iaai
356,ENTERPRISE VEHICLES CLEAR ONLY (NEBRASKA),,iaai
357,ENTERPRISE VEHICLES CLEAR ONLY (MARYLAND),,iaai
358,ENTERPRISE VEHICLES CLEAR ONLY (ILLINOIS),,iaai
359,ENTERPRISE VEHICLES CLEAR ONLY (IDAHO),,iaai
360,ENTERPRISE VEHICLES CLEAR ONLY (GEORGIA),,iaai
361,ENTERPRISE VEHICLES CLEAR ONLY (FLORIDA),,iaai
362,ENTERPRISE VEHICLES CLEAR ONLY (DELAWARE),,iaai
363,ENTERPRISE VEHICLES CLEAR ONLY (COLORADO),,iaai
364,ENTERPRISE VEHICLES CLEAR ONLY (ALASKA),,iaai
365,DISMANTLE (NEW MEXICO),,iaai
366,CONSTABLE SEIZED VEHICLES MA DEALERS (MASSACHUSETTS),grey,iaai
367,CLEAR-DEALER ONLY (NORTH CAROLINA),green,iaai
368,CLEAR-DEALER ONLY (NEBRASKA),green,iaai
369,CLEAR FLOOD (NEBRASKA),,iaai
370,CLEAR - TO BE OBTAINED (WISCONSIN),green,iaai
371,CLEAR - DEALER ONLY (HAWAII),green,iaai
372,CERTIFICATE OF TITLE (CALIFORNIA),green,iaai
373,CERTIFICATE OF ORIGIN (WYOMING),green,iaai
374,CERTIFICATE OF ORIGIN (WEST VIRGINIA),green,iaai
375,CERTIFICATE OF ORIGIN (OHIO),green,iaai
376,CERTIFICATE OF ORIGIN (NEW MEXICO),green,iaai
377,CERTIFICATE OF ORIGIN (NEBRASKA),green,iaai
378,CERTIFICATE OF ORIGIN (MASSACHUSETTS),green,iaai
379,CERTIFICATE OF ORIGIN (INDIANA),green,iaai
380,CERTIFICATE OF ORIGIN (CONNECTICUT),green,iaai
381,CERTIFICATE OF ORIGIN (COLORADO),green,iaai
382,CERTIFICATE OF ORIGIN (ARKANSAS),green,iaai
383,BOS UNDOCUMENTED TRAILER (SOUTH CAROLINA),red red,iaai
384,BILL OF SALE - PARTS ONLY (WISCONSIN),red red,iaai
385,SALVAGE CERTIFICATE (TEXAS),green,iaai
386,BILL OF SALE - NON-AUTO (MARYLAND),red red,iaai
387,BILL OF SALE (NEW MEXICO),red red,iaai
388,SALVAGE-PARTS ONLY (CONNECTICUT),red,iaai
389,US GOVERNMENT CERTIFICATE (MISSOURI),grey,iaai
390,US GOVERNMENT CERTIFICATE (NEW JERSEY),grey,iaai
391,US GOVERNMENT CERTIFICATE (TEXAS),grey,iaai
392,US GOVERNMENT CERTIFICATE (VERMONT),grey,iaai
393,US GOVERNMENT CERTIFICATE (WEST VIRGINIA),grey,iaai
394,US GOVERNMENT SALVAGE CERTIFICATE (IOWA),grey,iaai
395,US GOVERNMENT SALVAGE CERTIFICATE (MASSACHUSETTS),,iaai
396,SALVAGE (NORTH CAROLINA),green,iaai
397,TX - SALVAGE VEHICLE TITLE,green,copart
398,SC - CERT OF TITLE-SALVAGE,green,copart
399,IL - SALVAGE CERTIFICATE,green,copart
400,GA - CERT OF TITLE-SALVAGE,green,copart
401,CA - SALVAGE CERTIFICATE,green,copart
402,MO - SALVAGE CERTIFICATE OF TITLE,green,copart
403,KY - CERT OF TITLE-SALVAGE,green,copart
404,NC - SALVAGE CERTIFICATE OF TITLE,green,copart
405,NJ - CERT OF TITLE-SALVAGE,green,copart
406,TN - SALVAGE CERTIFICATE,green,copart
407,FL - CERT OF TITLE SLVG REBUILDABLE,green,copart
408,AL - CERT OF TITLE-SALVAGE TITLE,green,copart
409,PA - CERTIFICATE OF SALVAGE,green,copart
410,OR - SALVAGE TITLE CERTIFICATE,green,copart
411,MD - CERT OF SALVAGE > 75% DAMAGE,green,copart
412,MI - CERTIFICATE OF TITLE,green,copart
413,NV - SALVAGE TITLE,green,copart
414,TX - CERTIFICATE OF TITLE,green,copart
415,IN - CERT OF TITLE-SALVAGE TITLE,green,copart
416,CO - PUBLIC - SALVAGE TITLE,green,copart
417,VA - CERT OF TITLE - SALVAGE,green,copart
418,KS - CERT OF TITLE-SALVAGE,green,copart
419,OH - CERT OF TITLE-SALVAGE,green,copart
420,MN - CERT OF TITLE-SALVAGE,green,copart
421,NM - CERT OF TITLE-SALVAGE,green,copart
422,AZ - CERT OF TITLE - SALVAGE,green,copart
423,FL - CERTIFICATE OF DESTRUCTION,red,copart
424,UT - SALVAGE CERTIFICATE,green,copart
425,NH - CERT OF TITLE-SALVAGE,green,copart
426,OK - CERT OF TITLE-SALVAGE,green,copart
427,MA - CERT OF TITLE-SALVAGE,green,copart
428,LA - CERT OF TITLE-SALVAGE,green,copart
429,NY - MV-907A SALVAGE CERTIFICATE,green,copart
430,TN - CERTIFICATE OF TITLE,green,copart
431,CA - DIS/DLR/EXP ONLY CLEAN TITLE,green,copart
432,CO - SALVAGE TITLE,green,copart
433,MS - CERT OF TITLE-SALVAGED,green,copart
434,IA - CERT OF TITLE-SALVAGE TITLE,green,copart
435,ME - CERT OF TITLE-SALVAGE COLLISIO,green,copart
436,MN - CERT OF TITLE-PRIOR SALVAGE,green,copart
437,AR - CERT OF TITLE-SALVAGE,green,copart
438,FL - CERTIFICATE OF TITLE,green,copart
439,CT - CERT OF TITLE-SALVAGE,green,copart
440,WA - BILL OF SALE,red red,copart
441,RI - SALVAGE CERTIFICATE OF TITLE,green,copart
442,MI - CERT OF TITLE-SALVAGE VEHICLE,green,copart
443,VA - CERTIFICATE OF TITLE,green,copart
444,ID - SALVAGE CERTIFICATE OF TITLE,green,copart
445,IN - CERTIFICATE OF TITLE,green,copart
446,SC - CERTIFICATE OF TITLE,red,copart
447,IL - CERTIFICATE OF TITLE,green,copart
448,KY - BILL OF SALE/PART ONLY/NO TITL,red red,copart
449,NJ - CERTIFICATE OF TITLE,green,copart
450,NY - CERTIFICATE OF TITLE,green,copart
451,NE - CERT OF TITLE-SALVAGE,green,copart
452,GA - CERTIFICATE OF TITLE,green,copart
453,AR - CERTIFICATE OF TITLE,green,copart
454,KY - CERTIFICATE OF TITLE,green,copart
455,WI - JUNKED VEHICLE BILL OF SALE,red red,copart
456,WV - SALVAGE CERTIFICATE,green,copart
457,WI - CERTIFICATE OF TITLE,green,copart
458,CA - NON-REPAIRABLE VEHICLE CERT,red,copart
459,MT - SALVAGE CERTIFICATE OF A VEHIC,green,copart
460,CO - CERTIFICATE OF TITLE,green,copart
461,MD - CERTIFICATE OF TITLE,green,copart
462,OH - CERTIFICATE OF TITLE,green,copart
463,SC - CERT OF TITLE-SALVAGE WATER,green,copart
464,FL - CERT OF TITLE-SLVG REBLD FLOOD,green,copart
465,MT - CERTIFICATE OF TITLE,green,copart
466,HI - CERTIFICATE OF SALVAGE,green,copart
467,FL - CERTIFICATE OF TITLE (P),green,copart
468,TX - CERTIFICATE OF TITLE (P),green,copart
469,PA - CERT OF TITLE,green,copart
470,MO - CERTIFICATE OF TITLE,green,copart
471,MI - SCRAP CERTIFICATE OF TITLE,red,copart
472,MA - CERTIFICATE OF TITLE (P),green,copart
473,AZ - CERTIFICATE OF TITLE,green,copart
474,DE - SALVAGE CERTIFICATE,green,copart
475,OR - LIEN PAPERS SALVAGE,red,copart
476,MD - CERT OF SALVAGE < 75% DAMAGE,green,copart
477,MA - CERTIFICATE OF TITLE,green,copart
478,NY - MV907A-PARTS ONLY,red,copart
479,MA - CERT OF TITLE-RECONSTRCTD COLL,green,copart
480,AL - CERTIFICATE OF TITLE,green,copart
481,WA - VEHICLE CERT OF OWNERSHIP-TITL,green,copart
482,CA - DIS/DLR/EXP ONLY CLEAN TITLE (P),green,copart
483,KS - ELECTRONIC CERT OF TITLE,red red,copart
484,TX - NONREPAIRABLE TITLE,red,copart
485,IN - BILL OF SALE - PARTS ONLY,red red,copart
486,MN - CERTIFICATE OF TITLE,green,copart
487,CO - BILL OF SALE-PARTS ONLY,red red,copart
488,WI - CERT OF TITLE-SALVAGE VEHICLE,green,copart
489,CA - SALVAGE ACQUISITION BILLOFSALE,red,copart
490,CT - CERTIFICATE OF TITLE,green,copart
491,NC - DEALER ONLY CLEAN TITLE,green,copart
492,MI - CERT OF TITLE-SALVAGE FLOOD,green,copart
493,TN - NON-REPAIRABLE CERTIFICATE,red,copart
494,MO - DUPLICATE TITLE,green,copart
495,HI - CERTIFICATE OF TITLE,green,copart
496,SD - CERT OF TITLE-SALVAGE,green,copart
497,KS - DUPLICATE TITLE,green,copart
498,OK - CERTIFICATE OF TITLE,green,copart
499,LA - CERTIFICATE OF TITLE,green,copart
500,VT - CERT OF TITLE-SALVAGE VEHICLE,green,copart
501,AK - BILL OF SALE- SALVAGE,red red,copart
502,CA - CERTIFICATE OF TITLE,red,copart
503,MI - DEALER ONLY CLEAN TITLE,green,copart
504,SD - CERTIFICATE OF TITLE,green,copart
505,LA - PERMIT TO SELL,red,copart
506,NV - CERTIFICATE OF TITLE,green,copart
507,WY - CERTIFICATE OF TITLE,green,copart
508,TX - SALVAGE TITLE-FLOOD DAMAGE,green,copart
509,NC - SALVAGE CERT-WATER/FLOOD DAMAG,green,copart
510,SC - NON-REB & REM SALVAGE TITLE,red,copart
511,TX - BONDED TITLE - CLEAN,red,copart
512,AL - CERT OF TITLE-PARTS ONLY SALVG,red,copart
513,KS - CERTIFICATE OF TITLE,green,copart
514,CA - SALVAGE CERTIFICATE (P),green,copart
515,NH - CERTIFICATE OF TITLE,green,copart
516,IN - CERTIFICATE OF TITLE (P),green,copart
517,MS - CERTIFICATE OF TITLE,green,copart
518,CA - CERT OF TITLE-SALVAGED,green,copart
519,UT - CERTIFICATE OF TITLE,green,copart
520,OR - CERTIFICATE OF TITLE,green,copart
521,NY - CERTIFICATE OF TITLE (P),green,copart
522,MO - JUNKING CERTIFICATE,red,copart
523,NM - CERTIFICATE OF TITLE,green,copart
524,IA - CERTIFICATE OF TITLE,green,copart
525,OH - CERTIFICATE OF TITLE (P),green,copart
526,GA - CERT OF TITLE-FLOOD SALVAGE,green,copart
527,GA - CERTIFICATE OF TITLE (P),green,copart
528,KS - CERT OF TITLE-NON HIGHWAY,green,copart
529,NJ - CERT OF TITLE-SALVAGE FLOOD,green,copart
530,FL - CERTIFICATE OF DESTRUCTION (P),red,copart
531,TN - CERTIFICATE OF TITLE (P),green,copart
532,ND - CERT OF TITLE - SALVAGE VEHICL,green,copart
533,SC - CERT OF TITLE-SALVAGE FIRE,green,copart
534,CO - DEALER ONLY CLEAN TITLE,green,copart
535,PA - CERT OF SALV-R=RECONSTRUCTED,green,copart
536,CA - CERT OF TITLE OR SALVAGE ACQ,green,copart
537,NC - CERTIFICATE OF TITLE,green,copart
538,FL - CERT OF TITLE-SLVG REBLD FLOOD (P),green,copart
539,AZ - CERTIFICATE OF TITLE (P),green,copart
540,CA - APP FOR DUP CLEAN OR AC,red,copart
541,IL - JUNKING CERT OF A VEHICLE,red,copart
542,GA - BILL OF SALE - PARTS ONLY,red red,copart
543,TX - CERT OF TITLE-REBUILT SALVAGE,green,copart
544,CA - DIS/DLR/EXP APP FOR DUP CLEAN,red,copart
545,NM - NON-REPAIRABLE VEHICLE CERT,red,copart
546,IA - JUNKING CERTIFICATE,red,copart
547,MN - PARTS VEHICLE BILL OF SALE,red red,copart
548,IL - CERTIFICATE OF TITLE (P),green,copart
549,MI - CERTIFICATE OF TITLE (P),green,copart
550,NV - NON-REPAIRABLE VEHICLE CERT,red,copart
551,OK - CERTIFICATE OF TITLE (P),green,copart
552,RI - CERTIFICATE OF TITLE,green,copart
553,WY - CERT OF TITLE-SALVAGE,green,copart
554,WV - CERTIFICATE OF TITLE,green,copart
555,ME - CERTIFICATE OF TITLE,green,copart
556,NE - CERTIFICATE OF TITLE,green,copart
557,VA - CERTIFICATE OF TITLE (P),green,copart
558,FL - CERT OF TTL-REBUILT&SLVG RBLD,green,copart
559,IL - SALVAGE CERT-FLOOD,green,copart
560,AL - BILL OF SALE,red red,copart
561,MT - DEALER ONLY CLEAN TITLE,green,copart
562,FL - CERT OF TITLE SLVG REBUILDABLE (P),green,copart
563,MN - CERT OF TITLE TO A WATERCRAFT,green,copart
564,PA - CERT OF TTL-SLVG ALL-TERRAIN V,green,copart
565,FL - BILL OF SALE,red red,copart
566,IA - SALVAGE W/SALVAGE HISTORY,green,copart
567,WI - CERT OF TITLE-CLAIM PAID,green,copart
568,OK - CERTIFICATE OF TITLE-JUNKED,red,copart
569,MD - VR-112,red,copart
570,VT - CERTIFICATE OF TITLE,green,copart
571,FL - CERT OF TITLE-REBUILT,green,copart
572,CA - LIEN PAPERS-CLEAN OR AC,red,copart
573,CA - ACQ BOS - POST SALE - SALVAGE,red,copart
574,CT - CERTIFICATE OF TITLE (P),green,copart
575,PA - CERT OF TITLE (P),green,copart
576,GA - CERT OF TITLE-REBUILT SALVAGE,green,copart
577,TX - BONDED TITLE - SALVAGE,red,copart
578,NC - PARTS ONLY-RECORD OF SALE,red red,copart
579,AL - CERTIFICATE OF TITLE (P),green,copart
580,MD - PARTS ONLY-NO TITLE LETTER,red red,copart
581,TX - CERT OF TITLE TO A BOAT,green,copart
582,FL - CERT OF DESTRUCT-NO VIN PLATE,red,copart
583,CA - CERTIFICATE OF TITLE (P),red,copart
584,LA - CERTIFICATE OF TITLE (P),green,copart
585,MI - CERT OF TITLE-REBUILT SALVAGE,green,copart
586,AZ - CERT OF TITLE - SALVAGE (P),green,copart
587,MS - CERTIFICATE OF TITLE - JUNK,red,copart
588,MD - CERTIFICATE OF TITLE (P),green,copart
589,LA - CERT OF TITLE-SALVAGE FLOOD,green,copart
590,NC - BILL OF SALE,red red,copart
591,NJ - CERTIFICATE OF TITLE (P),green,copart
592,NH - CERTIFICATE OF TITLE (P),green,copart
593,ID - CERTIFICATE OF TITLE,green,copart
594,KY - CERT OF TITLE-SALVAGE WATER,green,copart
595,TX - CERT OF TITLE-REBUILT SALVAGE (P),green,copart
596,MO - CERTIFICATE OF TITLE (P),green,copart
597,CO - NON-REPAIRABLE CERT OF TITLE,red,copart
598,TN - SALVAGE CERT-WATER DAMAGE,green,copart
599,TN - BILL OF SALE,red red,copart
600,CA - DIS/DLR/EXP CLEAN W/SALV HIST,red,copart
601,PA - CERT OF SALVAGE-THEFT,green,copart
602,NC - CERTIFICATE OF TITLE (P),green,copart
603,VA - CERT OF TITLE-SALVAGE WATER,green,copart
604,NC - DEALER ONLY CLEAN TITLE (P),green,copart
605,OR - CERT OF LIEN FORECLOSURE,red,copart
606,TX - SALVAGE VEHICLE TITLE (P),green,copart
607,OH - DEALER ONLY CLEAN TITLE,green,copart
608,DE - CERTIFICATE OF TITLE,green,copart
609,AZ - CERT OF TITLE- NON REPAIR,red,copart
610,NC - DEALER ONLY SALVAGE TITLE,green,copart
611,CT - CERT OF TITLE-PARTS ONLY SALVA,red,copart
612,WY - DIS/DLR/EXP ONLY CLEAN TITLE,green,copart
613,GA - BILL OF SALE,red red,copart
614,AR - CERT OF TITLE-PARTS ONLY,red,copart
615,AK - CERTIFICATE OF VEHICLE TITLE,green,copart
616,HI - CERT OF TITLE-REPOSSESSION,green,copart
617,MO - DEALER ONLY CLEAN TITLE,green,copart
618,CA - LIEN PAPERS-SALVAGE OR AC,red,copart
619,NC - DLR ONLY-CLEAN/OVER 25% DAMAGE,green,copart
620,ME - CERTIFICATE OF TITLE (P),green,copart
621,IL - CERT OF TITLE-CORRECTED,green,copart
622,KS - NON-REPAIRABLE VEHICLE CERTIFI,red,copart
623,CO - CERTIFICATE OF TITLE (P),green,copart
624,OK - CERT OF TITLE-REPOSSESSION,green,copart
625,CO - DIS/DLR/EXP ONLY CLEAN TITLE,green,copart
626,SC - CERTIFICATE OF TITLE (P),red,copart
627,MI - BILL OF SALE,red red,copart
628,TX - BILL OF SALE,red red,copart
629,AZ - CERT OF TITLE-RESTORED SALVAGE,green,copart
630,KS - DEALER ONLY CLEAN TITLE,green,copart
631,MD - CERT OF SALVAGE-RECOVERED STOL,green,copart
632,NY - MV907A-PARTS ONLY W/LIENHOLDER,red red,copart
633,PA - CERT OF SALVAGE-W=FLOOD VEH,green,copart
634,WY - DIS/DLR/EXP ONLY SALVAGE TITLE,green,copart
635,OK - CERT OF TITLE-REPOSSESSION (P),green,copart
636,MN - BILL OF SALE,red red,copart
637,MN - DNR REGISTRATION,red,copart
638,PA - NON PUBLIC CLEAN TITLE,green,copart
639,AR - CERTIFICATE OF TITLE (P),green,copart
640,KY - RED SALVAGE NON-REBUILDABLE,red,copart
641,SC - BILL OF SALE,red red,copart
642,PA - BOAT CERT OF TITLE-SALVAGE,green,copart
643,AL - CERT OF TITLE-FLOOD SALVAGE,green,copart
644,VA - NON-REPAIRABLE CERTIFICATE,red,copart
645,NY - MV907A-FLOOD SALVAGE,green,copart
646,KY - CERT OF TITLE-REBUILT VEHICLE,green,copart
647,GA - CLEAN TITLE WITH THEFT HISTORY,green,copart
648,MO - MARINE CERTIFICATE OF TITLE,green,copart
649,FL - CERT OF TITLE-REBUILT (P),green,copart
650,WA - CERT OF OWNERSHIP-REBUILT,green,copart
651,CA - BILL OF SALE,red red,copart
652,OK - CERT OF TITLE-SALVAGE REC THFT,green,copart
653,MI - CERT OF TITLE-FLOOD VEHICLE,green,copart
654,NY - CERT OF TITLE-SALVAGE,green,copart
655,CA - CERT OF TITLE OR SALVAGE ACQ (P),green,copart
656,UT - CERTIFICATE OF TITLE (P),green,copart
657,WA - VEHICLE CERT OF OWNERSHIP-TITL (P),green,copart
658,NY - MV-907A SALVAGE CERTIFICATE (P),green,copart
659,LA - CERTIFICATE OF DESTRUCTION,red,copart
660,AZ - DIS/DLR/EXP ONLY CLEAN TITLE,green,copart
661,WI - CERTIFICATE OF TITLE (P),green,copart
662,GA - SALVAGE BILL OF SALE,red red,copart
663,NV - SALVAGE TITLE (P),green,copart
664,UT - NON-REPAIRABLE CERTIFICATE,red,copart
665,CA - APP FOR DUP SALVAGE OR AC,red,copart
666,CO - PUBLIC - NONREPAIRABLE,red,copart
667,WI - BOAT/ATV/SNOWMOBILE REG CERT,green,copart
668,TN - CERT OF TITLE-REBUILT VEHICLE,green,copart
669,MO - BILL OF SALE,red red,copart
670,KY - CERTIFICATE OF TITLE (P),green,copart
671,MD - CERT OF TITLE-REBUILT SALVAGE,green,copart
672,GA - SALVAGE/FIRE DAMAGE,green,copart
673,MS - CERTIFICATE OF TITLE (P),green,copart
674,IN - CERT OF TITLE-SALVAGE FLOOD,green,copart
675,RI - CERT OF TITLE-SALVG PARTS ONLY,red,copart
676,HI - BILL OF SALE - PARTS ONLY,red red,copart
677,IA - TITLE CERTIFICATE - ATV,green,copart
678,MO - CERT OF TITLE-REPOSSESSED,green,copart
679,WI - BILL OF SALE,red red,copart
680,MA - CERT OF TITLE-PARTS ONLY SALVA,red,copart
681,OH - BILL OF SALE,red red,copart
682,KY - RED REBUILT SALVAGE FLOOD,red,copart
683,IL - BILL OF SALE,red red,copart
684,CA - DLR/DIS/EXP ONLY SALVAGE TITLE,green,copart
685,OK - CERT OF TITLE-SALVAGE FLOOD,green,copart
686,PA - RECONSTRUCTED CLEAN,green,copart
687,MO - SALVAGE CERTIFICATE OF TITLE (P),green,copart
688,RI - CERTIFICATE OF TITLE (P),green,copart
689,WA - AFF OF LOSS/REL OF INTEREST,red,copart
690,NY - CERT OF TITLE-REBUILT SALVAGE,green,copart
691,OH - DIS/DLR/EXP ONLY CLEAN TITLE,green,copart
692,NJ - CERT OF TITLE - FLOOD,green,copart
693,KY - RED REBUILT SALVAGE,green,copart
694,NV - CERTIFICATE OF TITLE (P),green,copart
695,MT - DIS/DLR/EXP ONLY CLEAN TITLE,green,copart
696,OH - CERT OF TITLE-SALVAGE (P),green,copart
697,VT - CERTIFICATE OF TITLE (P),green,copart
698,ND - CERTIFICATE OF TITLE FOR A VEH,green,copart
699,DC - CERTIFICATE OF TITLE,green,copart
700,WI - BOAT CERTIFICATE OF TITLE,green,copart
701,SC - DISPOSAL AUTHORITY CERTIFICATE,red,copart
702,OH - CERT OF TITLE-SALVAGE FLOOD,green,copart
703,OH - CERT OF TITLE-REPOSSESSION,green,copart
704,NM - CERTIFICATE OF TITLE (P),green,copart
705,NJ - DIS/DLR/EXP ONLY CLEAN TITLE,green,copart
706,FL - DEALER ONLY CLEAN TITLE,green,copart
707,MD - CERT OF SALVAGE-FLOOD DAMAGE,green,copart
708,OR - WRECKER'S NOTICE (PARTS ONLY),red,copart
709,WV - CERTIFICATE OF TITLE (P),green,copart
710,WV - NON-REPAIRABLE CERTIFICATE (P),red,copart
711,OH - CERT OF TITLE-REBUILT SALVAGE,green,copart
712,IN - CERT OF TITLE - REBUILT VEHICL,green,copart
713,MS - CERT OF TITLE - FLOOD SALVAGE,green,copart
714,NY - MV907A W/UNSATISFIED LIEN,red,copart
715,SC - NON-REBUILDABLE SALVAGE TITLE,red,copart
716,KS - CERTIFICATE OF TITLE (P),green,copart
717,MN - CERT OF TITLE-SALVAGE FLOOD,green,copart
718,ME - CERT OF TITLE-SALVAGE REBUILT,green,copart
719,OK - CERT OF TITLE-REBUILT,green,copart
720,OR - CERT OF TITLE-RECONSTRUCTED,green,copart
721,CO - CERT OF TITLE-REBUILT SALVAGE,green,copart
722,MT - CERTIFICATE OF TITLE (P),green,copart
723,MT - CERTIFICATE OF TITLE TOTALED,green,copart
724,MN - NON PUBLIC CLEAN TITLE,green,copart
725,CO - SALVAGE TITLE (P),green,copart
726,WV - NON-REPAIRABLE CERTIFICATE,red,copart
727,CT - BILL OF SALE,red red,copart
728,CT - BILL OF SALE-SALVAGE,red red,copart
729,CO - DEALER ONLY CLEAN TITLE (P),green,copart
730,PA - CERT OF SALV-R=RECONSTRUCTED (P),green,copart
731,GA - CERT OF TTL-SLVG MANUFCTR BYBK,green,copart
732,CA - CERT OF TITLE-SALVAGED (P),green,copart
733,OK - CERT OF TITLE-INDIAN TRIBAL,green,copart
734,OK - BILL OF SALE,red red,copart
735,NJ - CERT OF TITLE W/SALVAGE HISTOR,green,copart
736,NV - CERT OF TITLE-OHV SALVAGE,green,copart
737,NV - DIS/DLR/EXP ONLY CLEAN TITLE,green,copart
738,MN - CERTIFICATE OF TITLE (P),green,copart
739,OH - BILL OF SALE-PARTS ONLY,red red,copart
740,VA - CERT OF TITLE TO A VESSEL,green,copart
741,DE - PARTS ONLY - NO TITLE,red red,copart
742,MO - DEALER ONLY CLEAN TITLE (P),green,copart
743,TX - BILL OF SALE (P),red red,copart
744,ME - BILL OF SALE,red red,copart
745,TX - NONREPAIRABLE TITLE-FLOOD,red,copart
746,ID - CERTIFICATE OF TITLE (P),green,copart
747,KS - CLEAN TITLE W/SALVAGE HISTORY,green,copart
748,MA - CERT OF TITLE-SLVG REPAIR THFT,green,copart
749,KS - DEALER ONLY CLEAN TITLE (P),green,copart
750,CT - BILL OF SALE - PARTS ONLY,red red,copart
751,GA - CERT OF TITLE-SALVAGE COURT OR,green,copart
752,LA - BOAT CERTIFICATE OF TITLE,green,copart
753,AL - CERT OF TITLE-SALVAGE TITLE (P),green,copart
754,NY - CERT OF TITLE W/UNSATISFD LIEN,red,copart
755,UT - CERT OF TITLE-REBUILT/RESTORED,green,copart
756,IN - BILL OF SALE,red red,copart
757,MA - CERT OF TITLE-SALVG PARTS ONLY,red,copart
758,MO - CERT OF TITLE-REPOSSESSED (P),green,copart
759,MI - SCRAP CERT OF TITLE-FLOOD VEH,red,copart
760,SC - DEALER ONLY CLEAN TITLE,green,copart
761,NJ - BILL OF SALE,red red,copart
762,TN - SALVAGE CERTIFICATE (P),green,copart
763,GA - CERT OF TITLE-SALVAGE (P),green,copart
764,SC - CERT OF TITLE-SALVAGE REBUILT,green,copart
765,IN - DIS/DLR/EXP ONLY CLEAN TITLE,green,copart
766,CT - CERT OF TITLE-FLOOD SALVAGE,green,copart
767,NC - SALVAGE CERT-REBUILT,green,copart
768,GA - CERT OF TITLE-STOLEN/UNRECOVRD,green,copart
769,UT - SALVAGE CERTIFICATE (P),green,copart
770,RI - CERT OF TITLE-RECONSTRUCTED SA,green,copart
771,NE - BILL OF SALE,red red,copart
772,NV - CERT OF TITLE-REBUILT TOTAL LO,green,copart
773,NE - CERT OF TITLE-REBUILT SALVAGE,green,copart
774,NC - NON PUBLIC CLEAN TITLE,green,copart
775,AR - BILL OF SALE,red red,copart
776,CA - ACQ BOS - POST SALE - SALVAGE (P),red,copart
777,VT - CERT OF TITLE-PARTS ONLY SALVA,red,copart
778,MI - WATERCRAFT CERT OF TITLE,green,copart
779,FL - CERT OF TITLE-SALVAGE THEFT,green,copart
780,IL - DUPLICATE TITLE,green,copart
781,VA - DEALER ONLY CLEAN TITLE,green,copart
782,ID - CERT OF TITLE -REBUILT SALVAGE,green,copart
783,WA - AFFIDAVIT IN LIEU OF TITLE,red,copart
784,OR - CERTIFICATE OF TITLE (P),green,copart
785,NV - CERT OF TITLE-OHV TOTAL LOSS,green,copart
786,FL - DIS/DLR/EXP ONLY CLEAN TITLE,green,copart
787,ME - CERT OF SALVAGE - WATER DAMAGE,green,copart
788,NC - UNREGISTERABLE CERT OF TITLE,red,copart
789,MO - JUNKING CERTIFICATE (P),red,copart
790,FL - CERT OF TITLE W/SLVG HISTORY,green,copart
791,MN - CERT OF TITLE-PR SALV FLOOD,green,copart
792,TN - NON-REPAIRABLE CERT-FLOOD,red,copart
793,MD - CERT OF SALVAGE-PARTS ONLY,red,copart
794,PA - CERTIFICATE OF SALVAGE (P),green,copart
795,CA - DIS/DLR/EXP ONLY LIEN PAPERS,red,copart
796,ON - PERMIT SALVAGE,red,copart
797,IA - TITLE CERTIFICATE - BOAT,green,copart
798,KS - BILL OF SALE,red red,copart
799,SC - CERT OF TITLE-SALVAGE (P),green,copart
800,GA - DERELICT BOS/PARTS ONLY,red,copart
801,VA - DEALER ONLY CLEAN TITLE (P),green,copart
802,TX - DIS/DLR/EXP ONLY CLEAN TITLE,green,copart
803,NY - BILL OF SALE,red red,copart
804,NH - BILL OF SALE,red red,copart
805,NY - CERT OF TITLE-REBUILT SALVAGE (P),green,copart
806,MA - CERT OF TITLE-SALVAGE (P),green,copart
807,NV - DIS/DLR/EXP ONLY CLEAN TITLE (P),green,copart
808,MA - BILL OF SALE,red red,copart
809,NY - CERT OF TITLE-PARTS ONLY,red,copart
810,CA - DIS/DLR/EXP APP FOR DUP SALVAG,red,copart
811,TN - CERT OF TITLE-REBUILT VEHICLE (P),green,copart
812,CO - DEALER ONLY SALVAGE TITLE,green,copart
813,NV - WILDLIFE CERT OF OWNSHP SALV,green,copart
814,NV - CERT OF TITLE-REBUILT TOTAL LO (P),green,copart
815,IA - CERT OF TITLE-PRIOR SALVAGE,green,copart
816,CA - DEALER ONLY CLEAN TITLE,green,copart
817,LA - CERT OF TITLE-RECONSTRUCTED,green,copart
818,GA - CERT OF TITLE-REBUILT,green,copart
819,GA - CERT OF TITLE-COURT ORDER,green,copart
820,NJ - CERT OF TITLE-SALVAGE (P),green,copart
821,GA - CERT OF TITLE-BONDED SALVAGE,green,copart
822,WV - SALVAGE CERTIFICATE (P),green,copart
823,WI - CERT OF TITLE-REBUILT SALVAGE,green,copart
824,NH - CERT OF TITLE-REBUILT VEHICLE,green,copart
825,NE - CERT OF TITLE-SALVAGE (P),green,copart
826,IN - CERT OF TITLE FOR A WATERCRAFT,green,copart
827,RI - BILL OF SALE,red red,copart
828,KS - CERT OF TITLE-REBUILT SALVAGE,green,copart
829,AL - CERT OF TITLE-REBUILT,green,copart
830,CA - US GOVERNMENT CERT TO OBTAIN (P),red,copart
831,IL - CERT OF TITLE-REBUILT,green,copart
832,FL - CERT OF TITLE-FLOOD & REBUILT,green,copart
833,MS - BILL OF SALE,red red,copart
834,IL - CERT OF TITLE-REBUILT (P),green,copart
835,MI - DEALER ONLY-REBUILT SALVAGE,green,copart
836,MI - DIS/DLR/EXP ONLY CLEAN TITLE,green,copart
837,VA - BILL OF SALE,red red,copart
838,CA - DIS/DLR/EXP CLEAN W/SALV HIST (P),red,copart
839,IL - SALVAGE CERTIFICATE (P),green,copart
840,TN - CERT OF TITLE-FLOOD VEHICLE,green,copart
841,ID - CERT OF TITLE-JUNK,red,copart
842,OR - NON PUBLIC CLEAN TITLE,green,copart
843,OK - CERT OF TITLE-REBUILT (P),green,copart
844,FL - DLR ONLY CERT OF DESTRUCTION (P),red,copart
845,OR - DIS/DLR/EXP ONLY CLEAN TITLE,green,copart
846,VA - CERT OF TITLE - SALVAGE (P),green,copart
847,TN - DEALER ONLY CLEAN TITLE,green,copart
848,FL - DEALER ONLY SALVAGE TITLE,green,copart
849,AZ - DIS/DLR/EXP ONLY CLEAN TITLE (P),green,copart
850,TN - NON-REPAIRABLE CERTIFICATE (P),red,copart
851,NC - SALVAGE CERTIFICATE OF TITLE (P),green,copart
852,NY - MV-907A DISMANTLERS,red,copart
853,MI - CERT OF TITLE-FLOOD REBLT SALV,green,copart
854,FL - CERT OF TITLE-REBUILDABLE SLVG,green,copart
855,MI - CERT OF TITLE-MUNICIPAL,green,copart
856,CO - CERT OF TITLE W/LEMON LAW HIST,green,copart
857,IA - BILL OF SALE,red red,copart
858,PA - BILL OF SALE,red red,copart
859,OK - CERT OF TITLE-SALVAGE (P),green,copart
860,TX - SALVAGE W/LEMON LAW HISTORTY,green,copart
861,PA - CERT OF SALVAGE-FORMERLY ABAND,green,copart
862,WV - SALVAGE CERT - FLOOD DAMAGED,green,copart
863,IA - CERTIFICATE OF TITLE (P),green,copart
864,MA - CERT OF TITLE-FLOOD SALVAGE,green,copart
865,NH - CERT OF TTL-FLOOD SALVAGE,green,copart
866,AR - CERT OF TITLE-REBUILT,green,copart
867,NE - CERTIFICATE OF TITLE (P),green,copart
868,LA - BILL OF SALE,red red,copart
869,DC - CERT OF TITLE-SALVAGE,green,copart
870,"CO - SALVAGE, FLOOD",green,copart
871,CO - DLR/DIS/EXP-CT OTHERS-CA ACQ,green,copart
872,MN - CERT OF TITLE-SALVAGE (P),green,copart
873,TX - DEALER ONLY CLEAN TITLE (P),green,copart
874,ME - SALVAGE FIRE DAMAGE,green,copart
875,CO - DEALER ONLY SALVAGE TITLE (P),green,copart
876,GA - BILL OF SALE (P),red red,copart
877,AK - PARTS ONLY BILL OF SALE,red red,copart
878,FL - DLR ONLY CERT OF DESTRUCTION,red,copart
879,ND - SALVAGE PREVIOUSLY BRANDED,green,copart
880,OH - CERT OF TITLE-REPOSSESSION (P),green,copart
881,WA - DIS/DLR/EXP ONLY CLEAN TITLE,green,copart
882,NM - CERT OF TITLE-SALVAGE (P),green,copart
883,NC - VESSEL-CERTIFICATE OF TITLE,green,copart
884,MS - CERT OF TITLE-RECOVERED THEFT,green,copart
885,NC - DLR ONLY BILL OF SALE,red red,copart
886,KY - BILL OF SALE/PART ONLY/NO TITL (P),red red,copart
887,UT - DIS/DLR/EXP ONLY CLEAN TITLE,green,copart
888,MI - DEALER ONLY CLEAN TITLE (P),green,copart
889,KY - RED REBUILT SALVAGE BRANDED,red,copart
890,AL - BILL OF SALE - PARTS ONLY,red red,copart
891,IN - DEALER ONLY CLEAN TITLE,green,copart
892,AZ - CERT OF TITLE-PREVIOUS SALVAGE,green,copart
893,FL - DLR ONLY SALVAGE/REBUILDABLE,green,copart
894,WA - CERT OF OWNERSHIP-REBUILT (P),green,copart
895,CA - DIS/DLR/EXP NONREPAIRABLE CERT,red,copart
896,OK - CERT OF TITLE-RECOVERED THEFT,green,copart
897,AL - SALVAGE RECOVERED THEFT,green,copart
898,UT - BILL OF SALE,red red,copart
899,PA - DEALER ONLY CLEAN TITLE,green,copart
900,MD - BILL OF SALE,red red,copart
901,PA - DIS/DLR/EXP ONLY CLEAN TITLE,green,copart
902,WI - CLEAN TTL-MANUFACTURER BUYBACK,green,copart
903,WI - SALVAGE - MULTIPLE BRANDS,green,copart
904,VA - CERT OF TITLE-REBUILT,green,copart
905,LA - BILL OF SALE (P),red red,copart
906,VA - DIS/DLR/EXP ONLY CLEAN TITLE,green,copart
907,AZ - BILL OF SALE,red red,copart
908,OH - CERT OF TITLE-WATERCRAFT,green,copart
909,MA - BILL OF SALE (P),red red,copart
910,FL - DEALER ONLY CLEAN TITLE (P),green,copart
911,MO - BILL OF SALE - DESTRUCTION,red red,copart
912,CA - NON-REVIVABLE ACQUISITION,red,copart
913,NY - DEALER ONLY CLEAN TITLE,green,copart
914,FL - DLR ONLY SALVAGE/REBUILDABLE (P),green,copart
915,UT - FLOOD/SALVAGE CERT. OF TITLE,green,copart
916,TX - DIS/DLR/EXP ONLY CLEAN TITLE (P),green,copart
917,GA - DEALER ONLY CLEAN TITLE (P),green,copart
918,MN - DLR ONLY CERTIFICATE OF TITLE,green,copart
919,NY - MV-51,red,copart
920,TN - ABANDONMENT-CERT OF SALES,red,copart
921,WY - CERTIFICATE OF TITLE - REBUILT,green,copart
922,TN - BILL OF SALE (P),red red,copart
923,CA - LIEN PAPERS-CLEAN OR AC (P),red,copart
924,NM - BILL OF SALE,red red,copart
925,MI - CERT OF TITLE-REBUILT SALVAGE (P),green,copart
926,SC - CERT OF TITLE-DLR ONLY >25%,green,copart
927,PA - CERT OF TITLE W/SALVAGE HISTOR,green,copart
928,KY - HAIL SALVAGE BRAND,red,copart
929,KY - CERT OF TITLE-SALVAGE (P),green,copart
930,TX - CERT OF TITLE-REBLT SLVG FLOOD,green,copart
931,AK - CERT OF VEH TITLE-RECONSTRUCTE,green,copart
932,CA - DIS/DLR/EXP LIEN PAPERS-SALV,red,copart
933,CO - CERT OF TITLE-SALVAGE HISTORY,green,copart
934,CO - PUBLIC - BILL OF SALE PARTS,red red,copart
935,KS - BILL OF SALE (P),red red,copart
936,CT - CERT OF TITLE-REBUILT SALVAGE,green,copart
937,CT - CERT OF TITLE-SALVAGE (P),green,copart
938,FL -   (P),red,copart
939,FL - CERT OF TITLE-POLICE SLVG RBLD,green,copart
940,GA - CERT OF TITLE-MANUFCTR BUYBACK,green,copart
941,GA - CERT OF TITLE-REBUILT (P),green,copart
942,IA - NON PUBLIC CLEAN TITLE,green,copart
943,ID - BILL OF SALE,red red,copart
944,IL - DEALER ONLY CLEAN TITLE,green,copart
945,IN - CERT OF TITLE-SALVAGE TITLE (P),green,copart
946,KS - FLOOD - SALVAGE,green,copart
947,KY - CERT OF REG-JUNKED VEHICLE,red,copart
948,LA - DEALER ONLY CLEAN TITLE,green,copart
949,MD - DEALER ONLY CLEAN TITLE,green,copart
950,MI - BILL OF SALE (P),red red,copart
951,MI - DEALER ONLY WATERCRAFT TITLE,green,copart
952,MI - SCRAP-BILL OF SALE,red red,copart
953,MS - CERT OF TITLE-SALVAGED (P),green,copart
954,MS - DLR ONLY CERTIFICATE OF TITLE,green,copart
955,ME - THEFT SALVAGE TITLE,green,copart
956,NC - DLR ONLY BILL OF SALE (P),red red,copart
957,NC - NC DLR ONLY SLVG REBUILT,green,copart
958,ND - CERTIFICATE OF TITLE FOR A VEH (P),green,copart
959,NJ - CERT OF TITLE-SLVG LEMON LAW,green,copart
960,NJ - DEALER ONLY CLEAN TITLE,green,copart
961,NV - CERT OF TITLE-OHV  OFF-HIGHWAY,green,copart
962,NV - SALVAGE TITLE-FLOOD DAMAGE,green,copart
963,NY - REGISTRATION DOCUMENT CARD,red,copart
964,OH - CERT OF TITLE-FLOOD HISTORY,green,copart
965,OH - DIS/DLR/EXP ONLY CLEAN TITLE (P),green,copart
966,OK - NON PUBLIC CLEAN TITLE,green,copart
967,OR - SALVAGE TITLE CERTIFICATE (P),green,copart
968,SC - CLEAN TITLE W/ SALVAGE HISTORY,green,copart
969,TX - CERT OF TITLE W/SALVAGE HISTOR,green,copart
970,TX - SALVAGE TITLE-FLOOD DAMAGE (P),green,copart
971,WV - NON PUBLIC CLEAN TITLE,green,copart
972,WY - DEALER ONLY CLEAN TITLE,green,copart
973,CO - CERT OF TITLE - REBUILDER,green,copart
974,HI - SALVAGE TITLE,green,copart
975,AZ - DEALER ONLY SALVAGE TITLE (P),green,copart
976,IN - DEALER ONLY CLEAN TITLE (P),green,copart
977,TX - DEALER ONLY CLEAN TITLE,green,copart
978,NY - AFFIRMATION OF REPOSSESSION,red,copart
979,IL - JUNKING CERT-FLOOD,red,copart
980,NE - DEALER ONLY CLEAN TITLE,green,copart
981,NY - MV907A-FLOOD SALVAGE (P),green,copart
982,CT - SALVAGE CERTIFICATE OF ORIGIN,green,copart
983,LA - PERMIT TO SELL-SALVAGE VEHICLE,red,copart
984,IA - DEALER ONLY CLEAN TITLE (P),green,copart
985,SC - DEALER ONLY SALVAGE TITLE,green,copart
986,MI - CT CLEAN TITLE PUBLIC ELIG.,green,copart
987,VT - CERT OF TITLE-SALVAGE VEHICLE (P),green,copart
988,AZ - DEALER ONLY CLEAN TITLE,green,copart
989,MI - NON PUBLIC CLEAN TITLE,green,copart
990,IN - CERT OF TITLE-SALVAGE HISTORY,green,copart
991,VT - FLOOD SALVAGE,green,copart
992,CT - CERT OF TITLE-REBUILT,green,copart
993,MD - CERT OF TITLE FOR A VESSEL,green,copart
994,MI -   (P),red,copart
995,GA - DLR ONLY CRT ORD BILL OF SALE,red red,copart
996,SC - NON PUBLIC CLEAN TITLE,green,copart
997,NV - DLR/DIS/EXP-CT OTHERS-,green,copart
998,WA - BILL OF SALE-PARTS ONLY,red red,copart
999,NY - CERT OF TITLE-REBUILT,green,copart
1000,TX -   (P),red,copart
1001,CA - JUNK RECEIPT,red red,copart
1002,FL - DLR ONLY CLEAN TTL/EXCEEDS 25%,green,copart
1003,WA - DIS/DLR/EXP ONLY CLEAN TITLE (P),green,copart
1004,KY - CLEAN TITLE W/SALVAGE HISTORY,green,copart
1005,WA - VEH CERT OF OWNERSHIP-SALVAGE,green,copart
1006,KY - RED REBUILT CLEAN,red,copart
1007,ID - SALVAGE CERTIFICATE OF TITLE (P),green,copart
1008,MN - DIS/DLR/EXP ONLY CLEAN TITLE,green,copart
1009,MI - CERT OF TITLE-SALVAGE VEHICLE (P),green,copart
1010,MT - DIS/DLR/EXP ONLY CLEAN TITLE (P),green,copart
1011,KS - CERT OF TITLE-SALVAGE (P),green,copart
1012,MN - DEALER ONLY CLEAN TITLE,green,copart
1013,IL - CERT OF TITLE W/SALVAGE HISTOR,green,copart
1014,TX - BONDED REBUILT SALVAGE,green,copart
1015,GA - DEALER ONLY CLEAN TITLE,green,copart
1016,NY - CERT OF TITLE-SALVAGE (P),green,copart
1017,KS - CERT OF TITLE-REBUILT SALVAGE (P),green,copart
1018,UT - DIS/DLR/EXP ONLY CLEAN TITLE (P),green,copart
1019,AL - SALVAGE FLOOD,green,copart
1020,OK - DEALER ONLY CLEAN TITLE,green,copart
1021,AL - E-TITLE STOLEN/UNRECOVERED VEH,red red,copart
1022,OK - DEALER ONLY CLEAN TITLE (P),green,copart
1023,FL - CERT OF TTL-REBUILT&SLVG RBLD (P),green,copart
1024,CO - REBUILT SALVAGE - DEALER ONLY,green,copart
1025,FL - CERT OF TITLE-REBUILDABLE SLVG (P),green,copart
1026,CA - CLEAN TITLE - SIXT,red,copart
1027,MA - CERT OF TITLE-RECONSTRCTD FLD,green,copart
1028,TX - CERT OF TITLE W/REASSIGNED VIN,green,copart
1029,AL - DEALER ONLY CLEAN TITLE,green,copart
1030,IN - CERT OF TITLE - REBUILT VEHICL (P),green,copart
1031,LA - NON PUBLIC CLEAN TITLE,green,copart
1032,AL - CERT OF TITLE-FLOOD PARTS ONLY,red,copart
1033,CA - APP FOR DUP CLEAN OR AC (P),red,copart
1034,LA - CERT OF TITLE-HAIL DAMAGED,green,copart
1035,SC - BILL OF SALE (P),red red,copart
1036,"OH - CERT OF TTL-REBLT SLVG, FLOOD",green,copart
1037,MO - DIS/DLR/EXP ONLY SALVAGE TITLE,green,copart
1038,SC - DIS/DLR/EXP ONLY CLEAN TITLE,green,copart
1039,SC - DEALER ONLY CLEAN TITLE (P),green,copart
1040,MS - CERT OF TITLE-REBUILT,green,copart
1041,ON - PERMIT IRREPAIRABLE,red,copart
1042,MO - DEALER ONLY SALVAGE TITLE (P),green,copart
1043,ON - PERMIT NO BRAND - FIT,red,copart
1044,MS - CERT OF TITLE-UNREC THEFT SLVG,green,copart
1045,PA - CERT OF SALVAGE-W=FLOOD VEH (P),green,copart
1046,MO - CERT OF TITLE-PRIOR SALVAGE,green,copart
1047,OH - CERT OF TITLE-FLOOD VEHICLE,green,copart
1048,MT - SALVAGE CERTIFICATE OF A VEHIC (P),green,copart
1049,IN - DIS/DLR/EXP ONLY CLEAN TITLE (P),green,copart
1050,IL - WATERCRAFT CERT OF TITLE,green,copart
1051,ON - PERMIT NO BRAND - UNFIT,red,copart
1052,DE - CERTIFICATE OF TITLE (P),green,copart
1053,CO - CERT OF TITLE-REBUILT SALVAGE (P),green,copart
1054,MT - CERT OF TITLE-REBUILT SALVAGE,green,copart
1055,PA - DEALER ONLY CLEAN TITLE (P),green,copart
1056,WA - AFFIDAVIT IN LIEU OF TITLE (P),red,copart
1057,PA - DEALER ONLY SALVAGE TITLE,green,copart
1058,AZ - CERT OF TITLE- NON REPAIR (P),red,copart
1059,PA - DEALER ONLY SALVAGE TITLE (P),green,copart
1060,WA - DEALER ONLY CLEAN TITLE,green,copart
1061,FL - DIS/DLR/EXP ONLY CLEAN TITLE (P),green,copart
1062,NC - DIS/DLR/EXP ONLY CLEAN TITLE,green,copart
1063,PA - RECONSTRUCTED CLEAN (P),green,copart
1064,WY - CERT OF TITLE-SALVAGE (P),green,copart
1065,NJ - DIS/DLR/EXP ONLY CLEAN TITLE (P),green,copart
1066,WI - CERT OF TITLE-FLOOD DAMAGED,green,copart
1067,MI - CERT OF TITLE-SALVAGE HISTORY,green,copart
1068,FL - DERELICT VEHICLE CERTIFICATE,red,copart
1069,AR - BILL OF SALE (P),red red,copart
1070,WI - CERT OF TITLE-SALVAGE VEHICLE (P),green,copart
1071,FL - DEALER ONLY SALVAGE TITLE (P),green,copart
1072,AL - RECOVERED THEFT - CLEAN,green,copart
1073,MD - CERT OF SALVAGE > 75% DAMAGE (P),green,copart
1074,NY - SALVAGE CERT W/ FL REASSIGNMNT,green,copart
1075,AL - DIS/DLR/EXP ONLY CLEAN TITLE,green,copart
1076,FL - CERT OF TITLE-POLICE,green,copart
1077,WV - CERT OF TITLE-RECONSTRUCTED,green,copart
1078,WV - DEALER ONLY NON-REPAIRABLE,red,copart
1079,FL - CERT OF TITLE-FLOOD DAMAGED (P),green,copart
1080,OH - BILL OF SALE (P),red red,copart
1081,IN - BILL OF SALE (P),red red,copart
1082,FL - CERT OF TITLE-FLOOD & REBUILT (P),green,copart
1083,MS - CERT OF TITLE W/SALVAGE HISTOR,green,copart
1084,FL - CERT OF TITLE- OFF-HWY VEHICLE,green,copart
1085,MO - DIS/DLR/EXP ONLY CLEAN TITLE,green,copart
1086,OH - BILL OF SALE-PARTS ONLY (P),red red,copart
1087,LA - CERT OF TITLE-SALVAGE (P),green,copart
1088,IN -   (P),red,copart
1089,OH - CERT OF TITLE-REBUILT SALVAGE (P),green,copart
1090,DE - FLOOD SALVAGE TITLE,green,copart
1091,MT - DEALER ONLY CLEAN TITLE (P),green,copart
1092,VA - NON-REPAIRABLE CERTIFICATE (P),red,copart
1093,IL - DIS/DLR/EXP ONLY CLEAN TITLE,green,copart
1094,NM - DIS/DLR/EXP ONLY CLEAN TITLE,green,copart
1095,MI - CERT OF TITLE-SALVAGE FLOOD (P),green,copart
1096,SD - CERT OF TITLE-JUNKING CERTIFIC,red,copart
1097,SD - CERT OF TITLE-REPOSSESSION,green,copart
1098,DC - CERTIFICATE OF TITLE (P),green,copart
1099,SD - CERTIFICATE OF TITLE (P),green,copart
1100,OH - DEALER ONLY SALVAGE TITLE,green,copart
1101,SC - REBUILT SALVAGE - FIRE,green,copart
1102,AK - DIS/DLR/EXP ONLY CLEAN TITLE,green,copart
1103,OH - DLR/DIS/EXP-CT OTHERS-ACQ,green,copart
1104,CT - DEALER ONLY SALVAGE TITLE,green,copart
1105,MI - MOPED REGISTRATION,red,copart
1106,CO - DUPLICATE TITLE,green,copart
1107,KY - RED SALVAGE NON-REBUILDABLE (P),red,copart
1108,IL - BILL OF SALE (P),red red,copart
1109,CA - FLOOD SALVAGE (P),green,copart
1110,ME - PARTS ONLY,red,copart
1111,CA - DIS/DLR/EXP APP FOR DUP CLEAN (P),red,copart
1112,TN - DEALER ONLY CLEAN TITLE (P),green,copart
1113,ID - DIS/DLR/EXP ONLY CLEAN TITLE (P),green,copart
1114,MA - DEALER ONLY CLEAN TITLE,green,copart
1115,NH - BILL OF SALE (P),red red,copart
1116,KY - DEALER ONLY CLEAN TITLE,green,copart
1117,MA - CERT OF TITLE-RECOVERED THEFT,green,copart
1118,IA - DEALER ONLY CLEAN TITLE,green,copart
1119,TN - SALVAGE CERT-REBUILT VEHICLE,green,copart
1120,OK - CERT OF TITLE-SALVAGE HISTORY,green,copart
1121,OK - CERT OF TITLE-SALVAGE HISTORY (P),green,copart
1122,IA - AFFIDAVIT OF UNREGISTERED,red,copart
1123,CT - ABANDONED VEH SALE NOTIFICATIO,red,copart
1124,OK - CERTIFICATE OF TITLE-JUNKED (P),red,copart
1125,CO - NON-REPAIRABLE CERT OF TITLE (P),red,copart
1126,ME - DIS/DLR/EXP ONLY CLEAN TITLE,green,copart
1127,TX - CERT OF TITLE W/SALVAGE HISTOR (P),green,copart
1128,AK - CERTIFICATE OF VEHICLE TITLE (P),green,copart
1129,MA - CERT OF TITLE-RECONSTRCTD COLL (P),green,copart
1130,CO - DIS/DLR/EXP ONLY SALVAGE TITLE,green,copart
1131,TX - DEALER ONLY SALVAGE TITLE,green,copart
1132,NC - CLEAN TITLE-OVER 25% DAMAGE,green,copart
1133,HI - CERT OF REGISTRATION-MOPED/BIC,red,copart
1134,OR - CERT OF TITLE-RECONSTRUCTED (P),green,copart
1135,TX - NONREPAIRABLE TITLE (P),red,copart
1136,ME - CERT OF TITLE-REBUILT VEHICLE,green,copart
1137,TX - SALVAGE CERT-MANUFACTURER BUYB,green,copart
1138,KY - BILL OF SALE,red red,copart
1139,KS - JUNK TITLE,red,copart
1140,KS - DIS/DLR/EXP ONLY CLEAN TITLE,green,copart
1141,TX - DUPLICATE TITLE,green,copart
1142,GU - BILL OF SALE - PARTS ONLY,red red,copart
1143,UT - BILL OF SALE (P),red red,copart
1144,NH - DIS/DLR/EXP ONLY CLEAN TITLE,green,copart
1145,GA - DIS/DLR/EXP ONLY CLEAN TITLE,green,copart
1146,AK - BILL OF SALE,red red,copart
1147,MD - NON PUBLIC CLEAN TITLE,green,copart
1148,ND - BILL OF SALE,red red,copart
1149,LA - PERMIT TO SELL (P),red,copart
1150,NY - DIS/DLR/EXP CLEAN TITLE,green,copart
1151,GA - CERT OF TITLE-REBUILT FLOOD,green,copart
1152,MI - DLR ONLY FLOOD REBUILT SALVAGE,green,copart
1153,MD - CERT OF TITLE-REBUILT SALVAGE (P),green,copart
1154,NY - MV-907A DISM-UNSATISFIED LIEN,red red,copart
1155,VA - CERT OF TITLE TO A VESSEL (P),green,copart
1156,IA - CERT OF TITLE-LEMON BUY-BACK,green,copart
1157,IN - DLR/DIS/EXP-CT OTHERS-CA ACQ,green,copart
1158,PA - CERT OF SLVG-LEMON LAW REPURCH,green,copart
1159,WY - BILL OF SALE - PARTS ONLY,red red,copart
1160,PA - CERT OF TITLE ALL-TERRAIN VEH,green,copart
1161,NY - MV907A WITH ALTERED VIN,green,copart
1162,VA - DEALER ONLY SALVAGE TITLE,green,copart
1163,VA - NON PUBLIC CLEAN TITLE,green,copart
1164,AZ - DEALER ONLY SALVAGE TITLE,green,copart
1165,PA - CERT OF TITLE W/SALVAGE HISTOR (P),green,copart
1166,PA - CERT OF TITLE-FORMERLY ABANDON,green,copart
1167,VT - BILL OF SALE - PARTS ONLY,red red,copart
1168,PA - CERT OF TITLE-W&R=FLOOD&RECNST,green,copart
1169,FL - NON PUBLIC CLEAN TITLE,green,copart
1170,NC - DEALER ONLY SALVAGE TITLE (P),green,copart
1171,NJ - CERT OF TTL W/FLD SLVG HISTORY,green,copart
1172,MD - CERT OF SALVAGE-PARTS ONLY (P),red,copart
1173,TN - DLR/DIS/EXP-CT OTHERS-ACQ,green,copart
1174,CT - DEALER ONLY CLEAN TITLE,green,copart
1175,CT - CERT OF TITLE-REBUILT (P),green,copart
1176,TN - SALVAGE CERT-WATER DAMAGE (P),green,copart
1177,CT - CERT OF TITLE-PARTS ONLY SALVA (P),red,copart
1178,CT - BILL OF SALE (P),red red,copart
1179,TX - AUCTION SALES RECEIPT -SALVAGE,red,copart
1180,CT - AFFIDAVIT OF REPOSSESSION,red,copart
1181,TX - BONDED FLOOD SALVAGE,green,copart
1182,TX - BONDED REBUILT CLEAN,red,copart
1183,CT -   (P),red,copart
1184,TX - BONDED TITLE - CLEAN (P),red,copart
1185,TX - CERT OF TITLE W/LEMON HISTORY (P),green,copart
1186,WV -   (P),red,copart
1187,TX - CERT OF TITLE-MANUFACTURER BUY,green,copart
1188,TX - CERT OF TITLE-MANUFACTURER BUY (P),green,copart
1189,AB - EXPORT ONLY,green,copart
1190,TX - CERT OF TITLE-REBLT SLVG FLOOD (P),green,copart
1191,CO - DEALER ONLY NON-REPAIRABLE,red,copart
1192,TX - CT CLEAN TITLE PUBLIC ELIG.,green,copart
1193,CO -,red,copart
1194,CN - SALVAGE,red,copart
1195,CN - REGISTRATION CARD,red,copart
1196,TX - NON PUBLIC CLEAN TITLE,green,copart
1197,CN - CLEAN TITLE,green,copart
1198,CA - US GOVERNMENT CERT TO OBTAIN,red,copart
1199,TX - SALVAGE TITLE W/REASSIGNED VIN,green,copart
1200,CA - SALVAGE CERT-LEMON LAW BUYBACK,green,copart
1201,WV - CERT OF TITLE-RECONSTRUCTED (P),green,copart
1202,CA - SALVAGE ACQUISITION BILLOFSALE (P),red,copart
1203,CA - NON-REPAIRABLE VEHICLE CERT (P),red,copart
1204,CA - DIS/DLR/EXP ONLY SALVAGE CERT,green,copart
1205,UT - CERT OF TITLE-FLOOD/RESTORED,green,copart
1206,CA - DIS/DLR/EXP ONLY JUNK RECEIPT,red,copart
1207,UT - CERT OF TITLE-REBUILT/RESTORED (P),green,copart
1208,CA - DEALER ONLY SALVAGE TITLE (P),green,copart
1209,CA - DEALER ONLY SALVAGE TITLE,green,copart
1210,UT - DEALER ONLY CLEAN TITLE,green,copart
1211,CA - DEALER ONLY NON-REPAIRABLE (P),red,copart
1212,CA - DEALER ONLY CLEAN TITLE (P),green,copart
1213,CA - CLEAN TITLE W/SALVAGE HISTORY (P),green,copart
1214,UT - NOTICE OF REQUIREMENT SALVAGE,red,copart
1215,CA - CERTIFICATE OF ORIGIN,green,copart
1216,CA - BILL OF SALE (P),red red,copart
1217,UT - AFFIDAVIT OF ABANDONED & INOP,red,copart
1218,UT - CERTIFICATE OF SALE,red,copart
1219,UT - NON PUBLIC CLEAN TITLE,green,copart
1220,CA -   (P),red,copart
1221,AZ - DEALER ONLY SALVAGE,green,copart
1222,AZ - CERT OF TITLE-DISMANTLE (P),red,copart
1223,AR - DUPLICATE TITLE,green,copart
1224,VA - CERT OF TITLE-SALVAGE REBUILT,green,copart
1225,AR - CERT OF TITLE-PREVIOUS DAMAGE,green,copart
1226,VA - CERT OF TITLE-WATER DAMAGE,green,copart
1227,AK - DUPLICATE TITLE,green,copart
1228,AK - CERT OF VEH TITLE-JUNK (P),red,copart
1229,AZ - DLR/DIS/EXP-CT OTHERS-CA ACQUI,green,copart
1230,AZ - DIS/DLR/EXP ONLY SALVAGE TITLE,green,copart
1231,VA - DIS/DLR/EXP ONLY CLEAN TITLE (P),green,copart
1232,VA - SALVAGE CERTIFICATE,green,copart
1233,VT - BILL OF SALE,red red,copart
1234,VT - BILL OF SALE (P),red red,copart
1235,AZ - DEALER ONLY REBUILT SALVAGE (P),green,copart
1236,VT - CERT OF TITLE-REBUILT VEHICLE,green,copart
1237,AZ - DEALER ONLY NON-REPAIRABLE,red,copart
1238,AZ - CERT OF TITLE-SALVAGE FLOOD,green,copart
1239,VT - DEALER ONLY CLEAN TITLE,green,copart
1240,VA - CERT OF TITLE-LEMON LAW HISTOR (P),green,copart
1241,VA - CERT OF TITLE-REPAIRED,green,copart
1242,AZ - CERT OF TITLE-RESTORED SALVAGE (P),green,copart
1243,AZ - CERT OF TITLE-PREVIOUS SALVAGE (P),green,copart
1244,AZ - CERT OF TITLE-DISMANTLE,red,copart
1245,AZ - BILL OF SALE (P),red red,copart
1246,AR - DLR/DIS/EXP-CT OTHERS-CA ACQ,green,copart
1247,WA - DLR/DIS/EXP-CT OTHERS-ACQ,green,copart
1248,WA - VEH CERT OF OWNERSHIP-SALVAGE (P),green,copart
1249,AR - DIS/DLR/EXP ONLY CLEAN TITLE (P),green,copart
1250,AR - DIS/DLR/EXP ONLY CLEAN TITLE,green,copart
1251,AR - DEALER ONLY CLEAN TITLE (P),green,copart
1252,AR - DEALER ONLY CLEAN TITLE,green,copart
1253,SC -   (P),red,copart
1254,AR - CT CLEAN TITLE PUBLIC ELIG.,green,copart
1255,AR - CERT OF TITLE-SALVAGE (P),green,copart
1256,AR - CERT OF TITLE-REBUILT (P),green,copart
1257,WI - CERT OF TITLE-REBUILT SALVAGE (P),green,copart
1258,WI - CERTIFICATE OF ORIGIN (P),green,copart
1259,WI - DEALER ONLY CLEAN TITLE,green,copart
1260,WI - DEALER ONLY NON-REPAIRABLE (P),red,copart
1261,AL - DIS/DLR/EXP ONLY CLEAN TITLE (P),green,copart
1262,WI - REPO APPLICATION (MV2117),red,copart
1263,WV - BILL OF SALE,red red,copart
1264,AL - CERT OF TITLE-REBUILT SALVAGE (P),green,copart
1265,WV - DEALER ONLY SALVAGE TITLE,green,copart
1266,WV - DLR/DIS/EXP-CT OTHERS-ACQ,green,copart
1267,WV - SALVAGE CERTIFICATE FIRE,green,copart
1268,MO - DLR/DIS/EXP-CT OTHERS-CA ACQ (P),green,copart
1269,MO - DLR/DIS/EXP-CT OTHERS-CA ACQ,green,copart
1270,MS - CERT OF TITLE-FLOOD DAMAGED,green,copart
1271,AL - CERT OF TITLE-REBUILT SALVAGE,green,copart
1272,MO - CT CLEAN TITLE PUBLIC ELIG.,green,copart
1273,MO - BILL OF SALE (P),red red,copart
1274,MS - DEALER ONLY CLEAN TITLE,green,copart
1275,MS - DEALER ONLY CLEAN TITLE (P),green,copart
1276,MS - DEALER ONLY SALVAGE TITLE,green,copart
1277,AL - CERT OF TITLE-PARTS ONLY,red,copart
1278,MT - BILL OF SALE,red red,copart
1279,MT - CERT OF TITLE W/SALVAGE HISTOR,green,copart
1280,DC - GOVERNMENT SALVAGE (P),green,copart
1281,MN - TRAILER REGISTRATION,green,copart
1282,MT - CLEAN TITLE - RECOVERED THEFT,green,copart
1283,MN - BILL OF SALE (P),red red,copart
1284,MI - TR52 - ABANDONMENT,red,copart
1285,MT - DLR/DIS/EXP-CT OTHERS-CA ACQ,green,copart
1286,MI - SNOWMOBILE REGISTRATION,red,copart
1287,MI - SALVAGE PARTS ONLY,red,copart
1288,MI - SALVAGE PARTS ONLY (P),red,copart
1289,MO - CERT OF TITLE-AL BID CARD REQ,green,copart
1290,MO - CLEAN TITLE APP FOR DUPLICATE,red,copart
1291,MT - DIS/DLR/EXP ONLY SALVAGE TITLE,green,copart
1292,MI - DLR ONLY CERT OF TITLE W/FLOOD,green,copart
1293,MI - DEALER ONLY SALVAGE TITLE,green,copart
1294,MI - DEALER ONLY NON-REPAIRABLE,red,copart
1295,AL - BILL OF SALE - ABANDONED,red red,copart
1296,"NC - DLR ONLY, CLEAN W/ SALV HIST",green,copart
1297,NC - DLR ONLY-CLEAN/OVER 25% DAMAGE (P),green,copart
1298,AL - BILL OF SALE (P),red red,copart
1299,MI - CERT OF TITLE-POLICE,green,copart
1300,NC - SALVAGE CERT-REBUILT (P),green,copart
1301,NC - SALVAGE CERT-WATER/FLOOD DAMAG (P),green,copart
1302,ME - CERT OF TITLE-SALVAGE COLLISIO (P),green,copart
1303,MD - DEALER ONLY SALVAGE TITLE,green,copart
1304,ND - CERT OF TITLE - SALVAGE VEHICL (P),green,copart
1305,ND - DEALER ONLY CLEAN TITLE,green,copart
1306,ND - PARTS VEHICLE BILL OF SALE,red red,copart
1307,NE - BILL OF SALE (P),red red,copart
1308,NE - BILL OF SALE-PARTS ONLY/SCRAP,red red,copart
1309,NE - CERT OF TITLE W/SALVAGE HISTOR,green,copart
1310,MD - CERT OF SALVAGE-ABANDONED,green,copart
1311,NE - CERT OF TITLE-REBUILT SALVAGE (P),green,copart
1312,MD - CERT OF SALVAGE < 75% DAMAGE (P),green,copart
1313,MA - DIS/DLR/EXP ONLY CLEAN TITLE,green,copart
1314,MA - DEALER ONLY CLEAN TITLE (P),green,copart
1315,NE - DEALER ONLY CLEAN TITLE (P),green,copart
1316,NE - DEALER ONLY SALVAGE TITLE,green,copart
1317,NE - DIS/DLR/EXP ONLY CLEAN TITLE,green,copart
1318,NE - SALVAGE TITLE/FLOOD,green,copart
1319,NH - CERT OF TITLE-REBUILT VEHICLE (P),green,copart
1320,NH - CERT OF TITLE-SALVAGE (P),green,copart
1321,MA -   (P),red,copart
1322,NH - DEALER ONLY CLEAN TITLE,green,copart
1323,LA - PERMIT TO SELL - RECONSTRUCTED,red,copart
1324,NJ - BILL OF SALE (P),red red,copart
1325,LA - DIS/DLR/EXP ONLY CLEAN TITLE (P),green,copart
1326,LA - DIS/DLR/EXP ONLY CLEAN TITLE,green,copart
1327,LA - DEALER ONLY CLEAN TITLE (P),green,copart
1328,NJ - CERT OF TITLE-SALVAGE FLOOD (P),green,copart
1329,AL -   (P),red,copart
1330,NJ - CERT OF TITLE-SLVG TAXI,green,copart
1331,LA - CT CLEAN TITLE PUBLIC ELIG.,green,copart
1332,LA - CERT OF TITLE-WATER DAMAGED,green,copart
1333,NJ - CT CLEAN TITLE PUBLIC ELIG.,green,copart
1334,NJ - DEALER ONLY SALVAGE TITLE,green,copart
1335,LA - CERT OF TITLE-UNRECOVERED THEF,green,copart
1336,NJ - NON PUBLIC CLEAN TITLE,green,copart
1337,NJ - PARTS ONLY,red red,copart
1338,LA - CERT OF TITLE-SALVAGE WATER,green,copart
1339,LA - CERT OF TITLE-KATRINA RECONSTR,green,copart
1340,LA - BOAT REGISTRATION CERTIFICATE,green,copart
1341,KY - DEALER ONLY SALVAGE TITLE (P),green,copart
1342,NS - SALVAGE TITLE,green,copart
1343,NV - BILL OF SALE,red red,copart
1344,NV - BILL OF SALE (P),red red,copart
1345,KS - DIS/DLR/EXP ONLY SALVAGE TITLE,green,copart
1346,KY - RED REBUILT FLOOD,green,copart
1347,KY - DIS/DLR/EXP ONLY CLEAN TITLE,green,copart
1348,KY - DEALER ONLY CLEAN TITLE (P),green,copart
1349,KY - CT CLEAN TITLE PUBLIC ELIG.,green,copart
1350,KY - CERT OF TITLE-WATER DAMAGED,green,copart
1351,KY - CERT OF TITLE-REBUILT VEHICLE (P),green,copart
1352,WY - CERTIFICATE OF TITLE (P),green,copart
1353,KY - CERT OF TITLE - REBUILT - RED,green,copart
1354,NY - AFFIRMATION OF REPOSSESSION (P),red,copart
1355,KY - BILL OF SALE (P),red red,copart
1356,NY - BILL OF SALE (P),red red,copart
1357,KS - CT CLEAN TITLE PUBLIC ELIG.,green,copart
1358,NY - CLEAN TITLE W/SALVAGE HISTORY,green,copart
1359,NY - CT CLEAN TITLE PUBLIC ELIG.,green,copart
1360,IN - DUPLICATE TITLE,green,copart
1361,NY - DLR ONLY CLEAN TTL/EXCEEDS 25%,green,copart
1362,IA - DUPLICATE TITLE,green,copart
1363,NY - MV-51B/STMT OF OWNERSHIP,red,copart
1364,NY - MV-907A - NO PUBLIC VIN,green,copart
1365,IN - DEALER ONLY SALVAGE TITLE (P),green,copart
1366,IN - CERTIFICATE OF ORIGIN,green,copart
1367,NY - MV907A-PARTS ONLY (P),red,copart
1368,NY - NON PUBLIC CLEAN TITLE,green,copart
1369,AK - DEALER ONLY CLEAN TITLE,green,copart
1370,NY - REGISTRATION DOCUMENT CARD (P),red,copart
1371,NC - DLR ONLY - PARTS ONLY TITLE,green,copart
1372,NC - PARTS ONLY-RECORD OF SALE (P),red red,copart
1373,NE - DUPLICATE TITLE,green,copart
1374,NJ - CERT OF TITLE - TAXI,green,copart
1375,NJ - DEALER ONLY CLEAN TITLE (P),green,copart
1376,NM - DEALER ONLY CLEAN TITLE (P),green,copart
1377,NY - CERT OF TITLE-PARTS ONLY (P),red,copart
1378,NY - CLEAN TITLE - DEALER ONLY,green,copart
1379,WV - SALVAGE TITLE,green,copart
1380,IL - SALVAGE CERT-FLOOD (P),green,copart
1381,IL - DLR ONLY CLEAN TITLE,green,copart
1382,OH - CERT OF TITLE-SALVAGE HISTORY,green,copart
1383,IL - DEALER ONLY SALVAGE TITLE,green,copart
1384,OH - CERT OF TITLE-WATERCRAFT (P),red,copart
1385,IL - DEALER ONLY NON-REPAIRABLE,red,copart
1386,IL - CERT OF TITLE-FLOOD/REBUILT (P),green,copart
1387,IL - CERT OF TITLE-FLOOD/REBUILT,green,copart
1388,WY - DEALER ONLY CLEAN TITLE (P),green,copart
1389,OH - ELECTRONIC CERT OF TITLE,red red,copart
1390,OK -   (P),red,copart
1391,OK - BILL OF SALE (P),red red,copart
1392,IL -,red,copart
1393,ID - DIS/DLR/EXP ONLY CLEAN TITLE,green,copart
1394,ID - CERT OF TITLE -REBUILT SALVAGE (P),green,copart
1395,IA - INSURER'S AFFIDAVIT,red,copart
1396,IA - DIS/DLR/EXP ONLY CLEAN TITLE,green,copart
1397,IA - CERT OF TITLE-SALVAGE TITLE (P),green,copart
1398,IA - BOAT CERTIFICATE,red,copart
1399,HI - CERT OF TITLE-REBUILT SALVAGED (P),green,copart
1400,OK - DIS/DLR/EXP ONLY CLEAN TITLE,green,copart
1401,OK - JUNK TTL - FLOOD/WATER DAMAGE,red,copart
1402,OK - REBUILT TTL W/FLOOD BRANDING (P),green,copart
1403,OR - BILL OF SALE,red red,copart
1404,HI - DIS/DLR/EXP ONLY CLEAN TITLE (P),green,copart
1405,OR - CERT OF TITLE W/SALVAGE HISTOR,green,copart
1406,HI - BILL OF SALE,red red,copart
1407,OR - DEALER ONLY CLEAN TITLE,green,copart
1408,GU - SALVAGE CERTIFICATE,green,copart
1409,OR - DIS/DLR/EXP ONLY CLEAN TITLE (P),green,copart
1410,OR - DIS/DLR/EXP ONLY SALVAGE TITLE,green,copart
1411,OR - LIEN PAPERS SALVAGE (P),red,copart
1412,GA - DLR/DIS/EXP-CT OTHERS-CA ACQ,green,copart
1413,OH - CERT OF TITLE-BUYBACK VEHICLE,green,copart
1414,OH - DEALER ONLY WATERCRAFT,green,copart
1415,OK - CERT OF TITLE-SALVAGE REC THFT (P),green,copart
1416,OR - DEALER ONLY NON-REPAIRABLE,red,copart
1417,OR - DIS/DLR/EXP ONLY SALVAGE TITLE (P),green,copart
1418,PA - ABANDONMENT DOCUMENTS,red,copart
1419,GA - CERT OF TITLE-SALVAGE HISTORY,green,copart
1420,GA - CERT OF TITLE-MANUFCTR BUYBACK (P),green,copart
1421,GA - CERT OF TITLE-FLOOD SALVAGE (P),green,copart
1422,PA - CERT OF SALVAGE-F=OUT OF CNTRY,red,copart
1423,GA - CERT OF TITLE-FLOOD,green,copart
1424,PA - CERT OF SALVAGE-R=RECONSTRUCTE,green,copart
1425,GA - CERT OF TITLE-COURT ORDER (P),green,copart
1426,GA -   (P),red,copart
1427,FL - SALVAGE TTL W/TTL ATTACHED,green,copart
1428,FL - CT CLEAN TITLE PUBLIC ELIG.,green,copart
1429,PA - CERT OF TITLE FOR A SNOWMOBILE,green,copart
1430,FL - PARTS ONLY (P),red,copart
1431,PA - CERT OF TITLE-A=ANTIQUE VEHICL (P),green,copart
1432,PA - CERT OF TTL-SLVG SNOWMOBILE,green,copart
1433,PA - CERT OF TTL-W=FLOOD&SLVG HISTO,green,copart
1434,PA - CERT OF TTL-W=FLOOD&SLVG HISTO (P),green,copart
1435,FL - ELECTRONIC CERT OF TITLE,red red,copart
1436,FL - DLR/DIS/EXP-CT OTHERS-CA ACQ,green,copart
1437,FL - DLR ONLY CLEAN TTL/EXCEEDS 25% (P),green,copart
1438,FL - DERELICT VEHICLE CERTIFICATE (P),red,copart
1439,PA - CERT OF TITLE-RECONSTRCT&THEFT,green,copart
1440,PA - CERTIFICATE OF ORIGIN,green,copart
1441,PA - PARTS ONLY,red,copart
1442,PA - SALVAGE WITH MN REASSIGNMENT,green,copart
1443,QC - GRAVEMENT ACCIDENTE,red,copart
1444,QC - IRRECUPERABLE,red,copart
1445,RI - CERT OF TITLE-RECONSTRUCTED SA (P),green,copart
1446,RI - CERT OF TITLE-SALVG PARTS ONLY (P),red,copart
1447,RI - SALVAGE CERT-PARTS ONLY,red,copart
1448,RI - SALVAGE CERTIFICATE OF TITLE (P),green,copart
1449,FL - CERT OF TITLE-FLOOD DAMAGED,green,copart
1450,FL - CERT OF TITLE W/SLVG HISTORY (P),green,copart
1451,FL - CERT OF DESTRUCT-NO VIN PLATE (P),red,copart
1452,SC - CERT OF TITLE-SALVAGE NON-REM,green,copart
1453,FL - BILL OF SALE (P),red red,copart
1454,DE - SALVAGE CERTIFICATE (P),green,copart
1455,SC - CERT OF TITLE-SALVAGE WATER (P),green,copart
1456,WI - DIS/DLR/EXP ONLY CLEAN TITLE (P),green,copart
1457,DE - CERT OF TITLE-RE-CONST,green,copart
1458,SC - DEALER ONLY SALVAGE TITLE (P),green,copart
1459,DE - BOAT REGISTRATION CERTIFICATE,green,copart
1460,SC - DLR ONLY CERT OF TITLE-SALVAGE,green,copart
1461,SC - DLR/DIS/EXP-CT OTHERS-ACQ,green,copart
1462,DE - BILL OF SALE,red red,copart
1463,MT - CERT OF TITLE-REBUILT SALVAGE (P),green,copart
1464,CT - SALVAGE CERTIFICATE OF ORIGIN (P),green,copart
1465,SD - DEALER ONLY CLEAN TITLE,green,copart
1466,SD - DIS/DLR/EXP ONLY CLEAN TITLE,green,copart
1467,SC - DLR ONLY CERT OF TITLE,green,copart
1468,SC - SALVAGE PARTS ONLY,red,copart
1469,SD - CERT OF TITLE-REBUILT,green,copart
1470,"CO - SALVAGE, FLOOD (P)",green,copart
1471,CN - CLEAN TITLE (P),green,copart
1472,CA - SALVAGE CERT-LEMON LAW BUYBACK (P),green,copart
1473,TN - CERT OF TITLE-SALVAGE HISTORY (P),green,copart
1474,TN - CERTIFICATE OF ORIGIN (P),green,copart
1475,CA - DLR/DIS/EXP ONLY SALVAGE TITLE (P),green,copart
1476,TN - DEALER ONLY NON-REPAIRABLE,red,copart
1477,TN - DEALER ONLY SALVAGE TITLE,green,copart
1478,TN - DIS/DLR/EXP ONLY CLEAN TITLE,green,copart
1479,TN - DIS/DLR/EXP ONLY CLEAN TITLE (P),green,copart
